,Susceptibles,Total infectados,Graves,Críticos,Leves,Recuperados,Rt,Recuento_zonas,0-4,5-19,20-39,40-59,>60,En_cuarentena,Vivos,Día,Contactos_prom_trabajo,Contactos_prom_transporte,Contactos_prom_casa,Nuevos_infectados,Detectados,En_testing,En_cama,En_UCI,Detectados_por_intervencion,#Intervenidos
0,11075,10,0,0,10,0,0.0,"{1: [3845, 0, 0, 4, 0, 0, 0, 0, 0, 0, 0, 0, 0, 0, 0], 0: [4120, 0, 0, 4, 0, 0, 0, 0, 0, 0, 0, 0, 0, 0, 0], 2: [3110, 0, 0, 2, 0, 0, 0, 0, 0, 0, 0, 0, 0, 0, 0]}","[842, 0, 0, 0, 0, 0, 0, 0, 0, 0, 0, 0, 0, 0, 0]","[2720, 0, 0, 3, 0, 0, 0, 0, 0, 0, 0, 0, 0, 0, 0]","[3601, 0, 0, 5, 0, 0, 0, 0, 0, 0, 0, 0, 0, 0, 0]","[2478, 0, 0, 0, 0, 0, 0, 0, 0, 0, 0, 0, 0, 0, 0]","[1434, 0, 0, 2, 0, 0, 0, 0, 0, 0, 0, 0, 0, 0, 0]","[0, 0, 0, 0, 0]",11085,0,0.0,0.0,0.0,0,0,0,0,0,0,0
1,11050,35,0,0,35,0,0.7142857142857143,"{1: [3830, 0, 0, 19, 8, 0, 0, 0, 0, 0, 0, 0, 0, 0, 0], 0: [4114, 0, 0, 10, 6, 0, 0, 0, 0, 0, 0, 0, 0, 0, 0], 2: [3106, 0, 0, 6, 1, 0, 0, 0, 0, 0, 0, 0, 0, 0, 0]}","[841, 0, 0, 1, 1, 0, 0, 0, 0, 0, 0, 0, 0, 0, 0]","[2713, 0, 0, 10, 5, 0, 0, 0, 0, 0, 0, 0, 0, 0, 0]","[3592, 0, 0, 14, 5, 0, 0, 0, 0, 0, 0, 0, 0, 0, 0]","[2474, 0, 0, 4, 3, 0, 0, 0, 0, 0, 0, 0, 0, 0, 0]","[1430, 0, 0, 6, 1, 0, 0, 0, 0, 0, 0, 0, 0, 0, 0]","[0, 0, 0, 0, 0]",11085,1,13.205142083897158,19.982859720342805,13.447992783040144,15,0,0,0,0,0,0
2,11041,44,0,0,44,0,0.7727272727272727,"{1: [3827, 0, 0, 22, 9, 0, 0, 0, 0, 0, 0, 0, 0, 0, 0], 0: [4110, 0, 0, 14, 2, 0, 0, 0, 0, 0, 0, 0, 0, 0, 0], 2: [3104, 0, 0, 8, 5, 0, 0, 0, 0, 0, 0, 0, 0, 0, 0]}","[841, 0, 0, 1, 0, 0, 0, 0, 0, 0, 0, 0, 0, 0, 0]","[2713, 0, 0, 10, 2, 0, 0, 0, 0, 0, 0, 0, 0, 0, 0]","[3587, 0, 0, 19, 8, 0, 0, 0, 0, 0, 0, 0, 0, 0, 0]","[2471, 0, 0, 7, 2, 0, 0, 0, 0, 0, 0, 0, 0, 0, 0]","[1429, 0, 0, 7, 4, 0, 0, 0, 0, 0, 0, 0, 0, 0, 0]","[0, 0, 0, 0, 0]",11085,2,13.22679296346414,19.90572846188543,13.507171853856564,16,0,0,0,0,0,0
3,11028,57,0,0,57,0,0.8245614035087719,"{1: [3819, 0, 0, 30, 3, 0, 0, 0, 0, 0, 0, 0, 0, 0, 0], 0: [4106, 0, 0, 18, 4, 0, 0, 0, 0, 0, 0, 0, 0, 0, 0], 2: [3103, 0, 0, 9, 0, 0, 0, 0, 0, 0, 0, 0, 0, 0, 0]}","[841, 0, 0, 1, 0, 0, 0, 0, 0, 0, 0, 0, 0, 0, 0]","[2709, 0, 0, 14, 1, 0, 0, 0, 0, 0, 0, 0, 0, 0, 0]","[3583, 0, 0, 23, 3, 0, 0, 0, 0, 0, 0, 0, 0, 0, 0]","[2467, 0, 0, 11, 3, 0, 0, 0, 0, 0, 0, 0, 0, 0, 0]","[1428, 0, 0, 8, 0, 0, 0, 0, 0, 0, 0, 0, 0, 0, 0]","[0, 0, 0, 0, 0]",11085,3,13.252683806946324,19.966080288678395,13.488407758231844,7,0,0,0,0,0,0
4,11003,82,0,0,82,0,0.8780487804878049,"{1: [3807, 0, 0, 42, 10, 0, 0, 0, 0, 0, 0, 0, 0, 0, 0], 0: [4098, 0, 0, 26, 8, 0, 0, 0, 0, 0, 0, 0, 0, 0, 0], 2: [3098, 0, 0, 14, 1, 0, 0, 0, 0, 0, 0, 0, 0, 0, 0]}","[839, 0, 0, 3, 0, 0, 0, 0, 0, 0, 0, 0, 0, 0, 0]","[2704, 0, 0, 19, 5, 0, 0, 0, 0, 0, 0, 0, 0, 0, 0]","[3573, 0, 0, 33, 7, 0, 0, 0, 0, 0, 0, 0, 0, 0, 0]","[2461, 0, 0, 17, 5, 0, 0, 0, 0, 0, 0, 0, 0, 0, 0]","[1426, 0, 0, 10, 2, 0, 0, 0, 0, 0, 0, 0, 0, 0, 0]","[0, 0, 0, 0, 0]",11085,4,13.222372575552548,19.976995940460082,13.443572395128552,19,0,0,0,0,0,0
5,10992,93,0,0,93,0,0.8924731182795699,"{1: [3801, 0, 0, 48, 8, 0, 0, 0, 0, 0, 0, 0, 0, 0, 0], 0: [4094, 0, 0, 30, 3, 0, 0, 0, 0, 0, 0, 0, 0, 0, 0], 2: [3097, 0, 0, 15, 6, 0, 0, 0, 0, 0, 0, 0, 0, 0, 0]}","[839, 0, 0, 3, 2, 0, 0, 0, 0, 0, 0, 0, 0, 0, 0]","[2701, 0, 0, 22, 3, 0, 0, 0, 0, 0, 0, 0, 0, 0, 0]","[3570, 0, 0, 36, 7, 0, 0, 0, 0, 0, 0, 0, 0, 0, 0]","[2457, 0, 0, 21, 4, 0, 0, 0, 0, 0, 0, 0, 0, 0, 0]","[1425, 0, 0, 11, 1, 0, 0, 0, 0, 0, 0, 0, 0, 0, 0]","[10015, 85, 0, 0, 0]",11085,5,1.1719440685611187,1.7617501127649977,1.1804239963915202,17,0,0,0,0,0,0
6,10985,99,0,0,99,1,0.7171717171717171,"{1: [3796, 0, 0, 52, 10, 0, 0, 0, 0, 0, 0, 0, 1, 0, 0], 0: [4093, 0, 0, 31, 4, 0, 0, 0, 0, 0, 0, 0, 0, 0, 0], 2: [3096, 0, 0, 16, 1, 0, 0, 0, 0, 0, 0, 0, 0, 0, 0]}","[839, 0, 0, 3, 0, 0, 0, 0, 0, 0, 0, 0, 0, 0, 0]","[2699, 0, 0, 23, 5, 0, 0, 0, 0, 0, 0, 0, 1, 0, 0]","[3567, 0, 0, 39, 4, 0, 0, 0, 0, 0, 0, 0, 0, 0, 0]","[2455, 0, 0, 23, 5, 0, 0, 0, 0, 0, 0, 0, 0, 0, 0]","[1425, 0, 0, 11, 1, 0, 0, 0, 0, 0, 0, 0, 0, 0, 0]","[10008, 92, 0, 0, 0]",11085,6,1.1659900766801985,1.7990076680198466,1.1850248082995039,15,0,0,0,0,0,0
7,10981,100,0,0,100,4,0.57,"{1: [3795, 0, 0, 52, 1, 0, 0, 0, 0, 0, 0, 0, 2, 0, 0], 0: [4090, 0, 0, 34, 2, 0, 0, 0, 0, 0, 0, 0, 0, 0, 0], 2: [3096, 0, 0, 14, 0, 0, 0, 0, 0, 0, 0, 0, 2, 0, 0]}","[839, 0, 0, 3, 0, 0, 0, 0, 0, 0, 0, 0, 0, 0, 0]","[2698, 0, 0, 23, 1, 0, 0, 0, 0, 0, 0, 0, 2, 0, 0]","[3566, 0, 0, 39, 1, 0, 0, 0, 0, 0, 0, 0, 1, 0, 0]","[2454, 0, 0, 24, 1, 0, 0, 0, 0, 0, 0, 0, 0, 0, 0]","[1424, 0, 0, 11, 0, 0, 0, 0, 0, 0, 0, 0, 1, 0, 0]","[10004, 93, 0, 0, 3]",11085,7,1.1911592241768154,1.782679296346414,1.1882724402345513,3,0,0,0,0,0,0
8,10972,106,0,0,106,7,0.32075471698113206,"{1: [3792, 0, 0, 55, 1, 0, 0, 0, 0, 0, 0, 0, 2, 0, 0], 0: [4085, 0, 0, 36, 3, 0, 0, 0, 0, 0, 0, 0, 3, 0, 0], 2: [3095, 0, 0, 15, 0, 0, 0, 0, 0, 0, 0, 0, 2, 0, 0]}","[839, 0, 0, 3, 0, 0, 0, 0, 0, 0, 0, 0, 0, 0, 0]","[2697, 0, 0, 23, 0, 0, 0, 0, 0, 0, 0, 0, 3, 0, 0]","[3563, 0, 0, 41, 1, 0, 0, 0, 0, 0, 0, 0, 2, 0, 0]","[2451, 0, 0, 27, 2, 0, 0, 0, 0, 0, 0, 0, 0, 0, 0]","[1422, 0, 0, 12, 1, 0, 0, 0, 0, 0, 0, 0, 2, 0, 0]","[9996, 99, 0, 0, 5]",11085,8,1.1779882724402346,1.789445196211096,1.1688768606224629,4,0,0,0,0,0,0
9,10964,113,0,0,113,8,0.35398230088495575,"{1: [3792, 0, 0, 55, 3, 0, 0, 0, 0, 0, 0, 0, 2, 0, 0], 0: [4077, 0, 0, 43, 5, 0, 0, 0, 0, 0, 0, 0, 4, 0, 0], 2: [3095, 0, 0, 15, 1, 0, 0, 0, 0, 0, 0, 0, 2, 0, 0]}","[839, 0, 0, 3, 0, 0, 0, 0, 0, 0, 0, 0, 0, 0, 0]","[2696, 0, 0, 24, 1, 0, 0, 0, 0, 0, 0, 0, 3, 0, 0]","[3560, 0, 0, 43, 3, 0, 0, 0, 0, 0, 0, 0, 3, 0, 0]","[2449, 0, 0, 29, 3, 0, 0, 0, 0, 0, 0, 0, 0, 0, 0]","[1420, 0, 0, 14, 2, 0, 0, 0, 0, 0, 0, 0, 2, 0, 0]","[9988, 106, 0, 0, 6]",11085,9,1.164276048714479,1.7963915200721696,1.1735678845286424,9,0,0,0,0,0,0
10,10950,125,0,0,125,10,0.232,"{1: [3787, 0, 0, 58, 2, 0, 0, 0, 0, 0, 0, 0, 4, 0, 0], 0: [4068, 0, 0, 52, 12, 0, 0, 0, 0, 0, 0, 0, 4, 0, 0], 2: [3095, 0, 0, 15, 0, 0, 0, 0, 0, 0, 0, 0, 2, 0, 0]}","[836, 0, 0, 6, 2, 0, 0, 0, 0, 0, 0, 0, 0, 0, 0]","[2694, 0, 0, 26, 2, 0, 0, 0, 0, 0, 0, 0, 3, 0, 0]","[3558, 0, 0, 43, 3, 0, 0, 0, 0, 0, 0, 0, 5, 0, 0]","[2442, 0, 0, 36, 5, 0, 0, 0, 0, 0, 0, 0, 0, 0, 0]","[1420, 0, 0, 14, 2, 0, 0, 0, 0, 0, 0, 0, 2, 0, 0]","[9974, 119, 0, 0, 7]",11085,10,1.1726657645466847,1.7511953089760939,1.1637347767253046,14,0,0,0,0,0,0
11,10941,134,0,0,134,10,0.2835820895522388,"{1: [3782, 0, 0, 63, 6, 0, 0, 0, 0, 0, 0, 0, 4, 0, 0], 0: [4064, 0, 0, 56, 5, 0, 0, 0, 0, 0, 0, 0, 4, 0, 0], 2: [3095, 0, 0, 15, 0, 0, 0, 0, 0, 0, 0, 0, 2, 0, 0]}","[836, 0, 0, 6, 1, 0, 0, 0, 0, 0, 0, 0, 0, 0, 0]","[2694, 0, 0, 26, 1, 0, 0, 0, 0, 0, 0, 0, 3, 0, 0]","[3554, 0, 0, 47, 3, 0, 0, 0, 0, 0, 0, 0, 5, 0, 0]","[2440, 0, 0, 38, 5, 0, 0, 0, 0, 0, 0, 0, 0, 0, 0]","[1417, 0, 0, 17, 1, 0, 0, 0, 0, 0, 0, 0, 2, 0, 0]","[9965, 128, 0, 0, 7]",11085,11,1.16617050067659,1.7851150202976995,1.1585024808299504,11,0,0,0,0,0,0
12,10932,143,0,0,143,10,0.32867132867132864,"{1: [3781, 0, 0, 64, 2, 0, 0, 0, 0, 0, 0, 0, 4, 0, 0], 0: [4057, 0, 0, 63, 4, 0, 0, 0, 0, 0, 0, 0, 4, 0, 0], 2: [3094, 0, 0, 16, 1, 0, 0, 0, 0, 0, 0, 0, 2, 0, 0]}","[835, 0, 0, 7, 0, 0, 0, 0, 0, 0, 0, 0, 0, 0, 0]","[2689, 0, 0, 31, 1, 0, 0, 0, 0, 0, 0, 0, 3, 0, 0]","[3553, 0, 0, 48, 2, 0, 0, 0, 0, 0, 0, 0, 5, 0, 0]","[2438, 0, 0, 40, 2, 0, 0, 0, 0, 0, 0, 0, 0, 0, 0]","[1417, 0, 0, 17, 2, 0, 0, 0, 0, 0, 0, 0, 2, 0, 0]","[9957, 136, 0, 0, 7]",11085,12,1.1753721244925575,1.7931438881371222,1.1656292286874155,7,0,0,0,0,0,0
13,10918,157,0,0,157,10,0.3885350318471338,"{1: [3780, 0, 0, 65, 2, 0, 0, 0, 0, 0, 0, 0, 4, 0, 0], 0: [4045, 0, 0, 75, 11, 0, 0, 0, 0, 0, 0, 0, 4, 0, 0], 2: [3093, 0, 0, 17, 1, 0, 0, 0, 0, 0, 0, 0, 2, 0, 0]}","[835, 0, 0, 7, 1, 0, 0, 0, 0, 0, 0, 0, 0, 0, 0]","[2686, 0, 0, 34, 6, 0, 0, 0, 0, 0, 0, 0, 3, 0, 0]","[3547, 0, 0, 54, 3, 0, 0, 0, 0, 0, 0, 0, 5, 0, 0]","[2434, 0, 0, 44, 3, 0, 0, 0, 0, 0, 0, 0, 0, 0, 0]","[1416, 0, 0, 18, 1, 0, 0, 0, 0, 0, 0, 0, 2, 0, 0]","[9945, 148, 0, 0, 7]",11085,13,1.1791610284167795,1.8164185836716282,1.1672530446549392,14,0,0,0,0,0,0
14,10907,168,0,0,168,10,0.42857142857142855,"{1: [3775, 0, 0, 70, 3, 0, 0, 0, 0, 0, 0, 0, 4, 0, 0], 0: [4042, 0, 0, 78, 8, 0, 0, 0, 0, 0, 0, 0, 4, 0, 0], 2: [3090, 0, 0, 20, 2, 0, 0, 0, 0, 0, 0, 0, 2, 0, 0]}","[835, 0, 0, 7, 0, 0, 0, 0, 0, 0, 0, 0, 0, 0, 0]","[2682, 0, 0, 38, 5, 0, 0, 0, 0, 0, 0, 0, 3, 0, 0]","[3543, 0, 0, 58, 5, 0, 0, 0, 0, 0, 0, 0, 5, 0, 0]","[2433, 0, 0, 45, 2, 0, 0, 0, 0, 0, 0, 0, 0, 0, 0]","[1414, 0, 0, 20, 1, 0, 0, 0, 0, 0, 0, 0, 2, 0, 0]","[9935, 158, 0, 0, 7]",11085,14,1.1764546684709067,1.7677943166441137,1.156788452864231,13,0,0,0,0,0,0
15,10902,158,0,0,158,25,0.41139240506329117,"{1: [3774, 0, 0, 63, 3, 0, 0, 0, 0, 0, 0, 0, 12, 0, 0], 0: [4038, 0, 0, 76, 2, 0, 0, 0, 0, 0, 0, 0, 10, 0, 0], 2: [3090, 0, 0, 19, 1, 0, 0, 0, 0, 0, 0, 0, 3, 0, 0]}","[835, 0, 0, 6, 0, 0, 0, 0, 0, 0, 0, 0, 1, 0, 0]","[2681, 0, 0, 34, 1, 0, 0, 0, 0, 0, 0, 0, 8, 0, 0]","[3541, 0, 0, 55, 3, 0, 0, 0, 0, 0, 0, 0, 10, 0, 0]","[2432, 0, 0, 43, 1, 0, 0, 0, 0, 0, 0, 0, 3, 0, 0]","[1413, 0, 0, 20, 1, 0, 0, 0, 0, 0, 0, 0, 3, 0, 0]","[9931, 148, 0, 0, 21]",11085,15,1.1711321605773568,1.7934145241317094,1.176364456472711,6,0,0,0,0,0,0
16,10896,148,0,0,148,41,0.4797297297297297,"{1: [3772, 0, 0, 56, 0, 0, 0, 0, 0, 0, 0, 0, 21, 0, 0], 0: [4034, 0, 0, 78, 6, 0, 0, 0, 0, 0, 0, 0, 12, 0, 0], 2: [3090, 0, 0, 14, 0, 0, 0, 0, 0, 0, 0, 0, 8, 0, 0]}","[835, 0, 0, 6, 0, 0, 0, 0, 0, 0, 0, 0, 1, 0, 0]","[2679, 0, 0, 34, 1, 0, 0, 0, 0, 0, 0, 0, 10, 0, 0]","[3539, 0, 0, 49, 3, 0, 0, 0, 0, 0, 0, 0, 18, 0, 0]","[2430, 0, 0, 43, 1, 0, 0, 0, 0, 0, 0, 0, 5, 0, 0]","[1413, 0, 0, 16, 1, 0, 0, 0, 0, 0, 0, 0, 7, 0, 0]","[9926, 137, 0, 0, 37]",11085,16,1.1586829048263418,1.745511953089761,1.1700496165990077,6,0,0,0,0,0,0
17,10889,148,0,0,148,48,0.1891891891891892,"{1: [3768, 0, 0, 57, 5, 0, 0, 0, 0, 0, 0, 0, 24, 0, 0], 0: [4033, 0, 0, 75, 1, 0, 0, 0, 0, 0, 0, 0, 16, 0, 0], 2: [3088, 0, 0, 16, 1, 0, 0, 0, 0, 0, 0, 0, 8, 0, 0]}","[835, 0, 0, 6, 0, 0, 0, 0, 0, 0, 0, 0, 1, 0, 0]","[2676, 0, 0, 36, 2, 0, 0, 0, 0, 0, 0, 0, 11, 0, 0]","[3536, 0, 0, 49, 3, 0, 0, 0, 0, 0, 0, 0, 21, 0, 0]","[2429, 0, 0, 41, 2, 0, 0, 0, 0, 0, 0, 0, 8, 0, 0]","[1413, 0, 0, 16, 0, 0, 0, 0, 0, 0, 0, 0, 7, 0, 0]","[9920, 138, 0, 0, 42]",11085,17,1.1596752368064953,1.7913396481732071,1.170320252593595,7,0,0,0,0,0,0
18,10885,133,0,0,133,67,0.11278195488721804,"{1: [3764, 0, 0, 51, 3, 0, 0, 0, 0, 0, 0, 0, 34, 0, 0], 0: [4033, 0, 0, 67, 1, 0, 0, 0, 0, 0, 0, 0, 24, 0, 0], 2: [3088, 0, 0, 15, 1, 0, 0, 0, 0, 0, 0, 0, 9, 0, 0]}","[835, 0, 0, 6, 0, 0, 0, 0, 0, 0, 0, 0, 1, 0, 0]","[2673, 0, 0, 34, 3, 0, 0, 0, 0, 0, 0, 0, 16, 0, 0]","[3536, 0, 0, 42, 1, 0, 0, 0, 0, 0, 0, 0, 28, 0, 0]","[2429, 0, 0, 36, 0, 0, 0, 0, 0, 0, 0, 0, 13, 0, 0]","[1412, 0, 0, 15, 1, 0, 0, 0, 0, 0, 0, 0, 9, 0, 0]","[9916, 124, 0, 0, 60]",11085,18,1.155976544880469,1.7893549842129004,1.1672530446549392,5,0,0,0,0,0,0
19,10879,122,0,0,122,84,0.14754098360655737,"{1: [3758, 0, 0, 49, 6, 0, 0, 0, 0, 0, 0, 0, 42, 0, 0], 0: [4033, 0, 0, 64, 0, 0, 0, 0, 0, 0, 0, 0, 27, 0, 0], 2: [3088, 0, 0, 9, 0, 0, 0, 0, 0, 0, 0, 0, 15, 0, 0]}","[833, 0, 0, 6, 1, 0, 0, 0, 0, 0, 0, 0, 3, 0, 0]","[2672, 0, 0, 32, 3, 0, 0, 0, 0, 0, 0, 0, 19, 0, 0]","[3533, 0, 0, 38, 2, 0, 0, 0, 0, 0, 0, 0, 35, 0, 0]","[2429, 0, 0, 32, 0, 0, 0, 0, 0, 0, 0, 0, 17, 0, 0]","[1412, 0, 0, 14, 0, 0, 0, 0, 0, 0, 0, 0, 10, 0, 0]","[9910, 114, 0, 0, 76]",11085,19,1.1546233649075328,1.8083897158322058,1.1693279206134415,6,0,0,0,0,0,0
20,10873,113,0,0,113,99,0.21238938053097345,"{1: [3757, 0, 0, 40, 3, 0, 0, 0, 0, 0, 0, 0, 52, 0, 0], 0: [4030, 0, 0, 63, 1, 0, 0, 0, 0, 0, 0, 0, 31, 0, 0], 2: [3086, 0, 0, 10, 2, 0, 0, 0, 0, 0, 0, 0, 16, 0, 0]}","[832, 0, 0, 7, 2, 0, 0, 0, 0, 0, 0, 0, 3, 0, 0]","[2671, 0, 0, 28, 0, 0, 0, 0, 0, 0, 0, 0, 24, 0, 0]","[3532, 0, 0, 35, 1, 0, 0, 0, 0, 0, 0, 0, 39, 0, 0]","[2427, 0, 0, 29, 2, 0, 0, 0, 0, 0, 0, 0, 22, 0, 0]","[1411, 0, 0, 14, 1, 0, 0, 0, 0, 0, 0, 0, 11, 0, 0]","[9904, 105, 0, 0, 91]",11085,20,1.1565178168696437,1.7816869643662607,1.185295444294091,6,0,0,0,0,0,0
21,10865,118,0,0,118,102,0.2711864406779661,"{1: [3755, 0, 0, 41, 0, 0, 0, 0, 0, 0, 0, 0, 53, 0, 0], 0: [4024, 0, 0, 67, 6, 0, 0, 0, 0, 0, 0, 0, 33, 0, 0], 2: [3086, 0, 0, 10, 0, 0, 0, 0, 0, 0, 0, 0, 16, 0, 0]}","[832, 0, 0, 7, 0, 0, 0, 0, 0, 0, 0, 0, 3, 0, 0]","[2668, 0, 0, 30, 2, 0, 0, 0, 0, 0, 0, 0, 25, 0, 0]","[3529, 0, 0, 37, 3, 0, 0, 0, 0, 0, 0, 0, 40, 0, 0]","[2426, 0, 0, 29, 0, 0, 0, 0, 0, 0, 0, 0, 23, 0, 0]","[1410, 0, 0, 15, 1, 0, 0, 0, 0, 0, 0, 0, 11, 0, 0]","[9896, 110, 0, 0, 94]",11085,21,1.1652683806946325,1.7741993685160127,1.1915200721695987,6,0,0,0,0,0,0
22,10846,133,0,0,133,106,0.38345864661654133,"{1: [3748, 0, 0, 47, 4, 0, 0, 0, 0, 0, 0, 0, 54, 0, 0], 0: [4012, 0, 0, 76, 3, 0, 0, 0, 0, 0, 0, 0, 36, 0, 0], 2: [3086, 0, 0, 10, 0, 0, 0, 0, 0, 0, 0, 0, 16, 0, 0]}","[831, 0, 0, 8, 0, 0, 0, 0, 0, 0, 0, 0, 3, 0, 0]","[2661, 0, 0, 37, 3, 0, 0, 0, 0, 0, 0, 0, 25, 0, 0]","[3524, 0, 0, 41, 1, 0, 0, 0, 0, 0, 0, 0, 41, 0, 0]","[2422, 0, 0, 31, 3, 0, 0, 0, 0, 0, 0, 0, 25, 0, 0]","[1408, 0, 0, 16, 0, 0, 0, 0, 0, 0, 0, 0, 12, 0, 0]","[9878, 124, 0, 0, 98]",11085,22,1.1828597203428055,1.8073973838520523,1.1726657645466847,7,0,0,0,0,0,0
23,10831,139,1,0,138,115,0.3381294964028777,"{1: [3739, 0, 0, 53, 8, 0, 0, 0, 0, 0, 0, 0, 57, 0, 0], 0: [4008, 0, 0, 74, 12, 0, 1, 0, 0, 0, 0, 0, 41, 0, 0], 2: [3084, 0, 0, 11, 0, 0, 0, 0, 0, 0, 0, 0, 17, 0, 0]}","[829, 0, 0, 10, 1, 0, 0, 0, 0, 0, 0, 0, 3, 0, 0]","[2654, 0, 0, 43, 8, 0, 0, 0, 0, 0, 0, 0, 26, 0, 0]","[3523, 0, 0, 39, 5, 0, 0, 0, 0, 0, 0, 0, 44, 0, 0]","[2418, 0, 0, 31, 4, 0, 1, 0, 0, 0, 0, 0, 28, 0, 0]","[1407, 0, 0, 15, 2, 0, 0, 0, 0, 0, 0, 0, 14, 0, 0]","[9863, 130, 1, 0, 106]",11085,23,1.1712223725755526,1.7641858367162833,1.1749210645015786,20,0,1,1,0,0,0
24,10817,140,2,0,138,128,0.4357142857142857,"{1: [3732, 0, 0, 57, 8, 0, 1, 0, 0, 0, 0, 0, 59, 0, 0], 0: [4004, 0, 0, 67, 6, 0, 1, 0, 0, 0, 0, 0, 52, 0, 0], 2: [3081, 0, 0, 14, 5, 0, 0, 0, 0, 0, 0, 0, 17, 0, 0]}","[829, 0, 0, 8, 2, 0, 0, 0, 0, 0, 0, 0, 5, 0, 0]","[2651, 0, 0, 44, 8, 0, 0, 0, 0, 0, 0, 0, 28, 0, 0]","[3518, 0, 0, 41, 4, 0, 0, 0, 0, 0, 0, 0, 47, 0, 0]","[2415, 0, 0, 30, 3, 0, 1, 0, 0, 0, 0, 0, 32, 0, 0]","[1404, 0, 0, 15, 2, 0, 1, 0, 0, 0, 0, 0, 16, 0, 0]","[9849, 130, 2, 0, 119]",11085,24,1.175191700496166,1.8119079837618404,1.1738385205232296,19,0,2,2,0,0,0
25,10804,143,2,0,141,138,0.5174825174825175,"{1: [3727, 0, 0, 57, 5, 0, 1, 0, 0, 0, 0, 0, 64, 0, 0], 0: [3998, 0, 0, 68, 4, 0, 1, 0, 0, 0, 0, 0, 57, 0, 0], 2: [3079, 0, 0, 16, 0, 0, 0, 0, 0, 0, 0, 0, 17, 0, 0]}","[828, 0, 0, 8, 0, 0, 0, 0, 0, 0, 0, 0, 6, 0, 0]","[2649, 0, 0, 45, 1, 0, 0, 0, 0, 0, 0, 0, 29, 0, 0]","[3513, 0, 0, 43, 3, 0, 0, 0, 0, 0, 0, 0, 50, 0, 0]","[2411, 0, 0, 29, 3, 0, 1, 0, 0, 0, 0, 0, 37, 0, 0]","[1403, 0, 0, 16, 2, 0, 1, 0, 0, 0, 0, 0, 16, 0, 0]","[9836, 133, 2, 0, 129]",11085,25,1.1733874605322507,1.7622913847541724,1.1709517365809652,9,0,2,2,0,0,0
26,10793,147,3,0,144,145,0.5034013605442177,"{1: [3721, 0, 0, 61, 9, 0, 1, 0, 0, 0, 0, 0, 66, 0, 0], 0: [3994, 0, 0, 67, 6, 0, 2, 0, 0, 0, 0, 0, 61, 0, 0], 2: [3078, 0, 0, 16, 3, 0, 0, 0, 0, 0, 0, 0, 18, 0, 0]}","[828, 0, 0, 8, 1, 0, 0, 0, 0, 0, 0, 0, 6, 0, 0]","[2645, 0, 0, 48, 5, 0, 0, 0, 0, 0, 0, 0, 30, 0, 0]","[3508, 0, 0, 46, 7, 0, 0, 0, 0, 0, 0, 0, 52, 0, 0]","[2410, 0, 0, 28, 3, 0, 1, 0, 0, 0, 0, 0, 39, 0, 0]","[1402, 0, 0, 14, 2, 0, 2, 0, 0, 0, 0, 0, 18, 0, 0]","[9826, 136, 3, 0, 135]",11085,26,1.169598556608029,1.7689670726206586,1.1570590888588181,18,0,3,3,0,0,0
27,10784,143,3,0,140,158,0.5314685314685315,"{1: [3715, 0, 0, 65, 7, 0, 1, 0, 0, 0, 0, 0, 68, 0, 0], 0: [3992, 0, 0, 59, 3, 0, 2, 0, 1, 0, 0, 0, 71, 0, 0], 2: [3077, 0, 0, 16, 1, 0, 0, 0, 0, 0, 0, 0, 19, 0, 0]}","[828, 0, 0, 7, 0, 0, 0, 0, 0, 0, 0, 0, 7, 0, 0]","[2642, 0, 0, 45, 2, 0, 0, 0, 0, 0, 0, 0, 36, 0, 0]","[3506, 0, 0, 45, 4, 0, 0, 0, 0, 0, 0, 0, 55, 0, 0]","[2407, 0, 0, 28, 4, 0, 1, 0, 1, 0, 0, 0, 42, 0, 0]","[1401, 0, 0, 15, 1, 0, 2, 0, 0, 0, 0, 0, 18, 0, 0]","[9818, 132, 3, 0, 147]",11085,27,1.1960306720793865,1.7926928281461434,1.1678845286423094,11,1,2,3,0,0,0
28,10772,142,2,1,139,171,0.5422535211267606,"{1: [3713, 0, 0, 64, 1, 0, 1, 0, 1, 0, 0, 0, 71, 0, 0], 0: [3984, 0, 0, 59, 3, 0, 1, 0, 0, 1, 0, 1, 79, 0, 0], 2: [3075, 0, 0, 16, 2, 0, 0, 0, 0, 0, 0, 0, 21, 0, 0]}","[828, 0, 0, 7, 0, 0, 0, 0, 0, 0, 0, 0, 7, 0, 0]","[2638, 0, 0, 44, 2, 0, 0, 0, 0, 0, 0, 0, 41, 0, 0]","[3501, 0, 0, 45, 1, 0, 0, 0, 0, 0, 0, 0, 60, 0, 0]","[2405, 0, 0, 28, 2, 0, 0, 0, 0, 1, 0, 1, 44, 0, 0]","[1400, 0, 0, 15, 1, 0, 2, 0, 1, 0, 0, 0, 19, 0, 0]","[9806, 132, 2, 1, 159]",11085,28,1.175191700496166,1.8005412719891745,1.1836716283265674,6,2,1,3,0,0,0
29,10761,147,2,1,144,177,0.3945578231292517,"{1: [3712, 0, 0, 62, 2, 0, 1, 0, 1, 0, 0, 0, 74, 0, 0], 0: [3975, 0, 0, 66, 8, 0, 1, 0, 0, 1, 0, 1, 81, 0, 0], 2: [3074, 0, 0, 16, 1, 0, 0, 0, 0, 0, 0, 0, 22, 0, 0]}","[827, 0, 0, 8, 0, 0, 0, 0, 0, 0, 0, 0, 7, 0, 0]","[2634, 0, 0, 47, 5, 0, 0, 0, 0, 0, 0, 0, 42, 0, 0]","[3499, 0, 0, 44, 6, 0, 0, 0, 0, 0, 0, 0, 63, 0, 0]","[2402, 0, 0, 30, 0, 0, 0, 0, 0, 1, 0, 1, 45, 0, 0]","[1399, 0, 0, 15, 0, 0, 2, 0, 1, 0, 0, 0, 20, 0, 0]","[9796, 137, 2, 1, 164]",11085,29,1.1649075327018494,1.7767253044654938,1.1726657645466847,11,2,1,2,1,0,0
30,10750,152,2,1,149,183,0.2565789473684211,"{1: [3706, 0, 0, 68, 4, 0, 1, 0, 1, 0, 0, 0, 74, 0, 0], 0: [3970, 0, 0, 65, 8, 0, 1, 0, 1, 1, 0, 1, 87, 0, 0], 2: [3074, 0, 0, 16, 0, 0, 0, 0, 0, 0, 0, 0, 22, 0, 0]}","[827, 0, 0, 8, 1, 0, 0, 0, 0, 0, 0, 0, 7, 0, 0]","[2631, 0, 0, 49, 4, 0, 0, 0, 0, 0, 0, 0, 43, 0, 0]","[3494, 0, 0, 46, 1, 0, 0, 0, 0, 0, 0, 0, 66, 0, 0]","[2400, 0, 0, 31, 4, 0, 0, 0, 0, 1, 0, 1, 46, 0, 0]","[1398, 0, 0, 15, 2, 0, 2, 0, 2, 0, 0, 0, 21, 0, 0]","[9786, 142, 2, 1, 169]",11085,30,1.1736580965268382,1.7825890843482184,1.1780784844384302,12,3,0,2,1,0,0
31,10737,158,2,1,155,190,0.06329113924050633,"{1: [3696, 0, 0, 73, 6, 0, 1, 0, 1, 0, 0, 0, 79, 0, 0], 0: [3969, 0, 0, 65, 3, 0, 1, 0, 1, 1, 0, 1, 88, 0, 0], 2: [3072, 0, 0, 17, 0, 0, 0, 0, 0, 0, 0, 0, 23, 0, 0]}","[827, 0, 0, 8, 0, 0, 0, 0, 0, 0, 0, 0, 7, 0, 0]","[2627, 0, 0, 51, 3, 0, 0, 0, 0, 0, 0, 0, 45, 0, 0]","[3489, 0, 0, 48, 5, 0, 0, 0, 0, 0, 0, 0, 69, 0, 0]","[2398, 0, 0, 31, 1, 0, 0, 0, 0, 1, 0, 1, 48, 0, 0]","[1396, 0, 0, 17, 0, 0, 2, 0, 2, 0, 0, 0, 21, 0, 0]","[9774, 149, 2, 1, 174]",11085,31,1.168786648624267,1.8038791159224177,1.1741993685160126,9,3,0,2,1,0,0
32,10728,162,2,1,159,195,0.11728395061728394,"{1: [3690, 0, 0, 76, 11, 0, 1, 0, 1, 0, 0, 0, 82, 0, 0], 0: [3967, 0, 0, 66, 3, 0, 1, 0, 1, 1, 0, 1, 89, 0, 0], 2: [3071, 0, 0, 17, 3, 0, 0, 0, 0, 0, 0, 0, 24, 0, 0]}","[825, 0, 0, 10, 1, 0, 0, 0, 0, 0, 0, 0, 7, 0, 0]","[2624, 0, 0, 51, 5, 0, 0, 0, 0, 0, 0, 0, 48, 0, 0]","[3488, 0, 0, 48, 4, 0, 0, 0, 0, 0, 0, 0, 70, 0, 0]","[2395, 0, 0, 34, 5, 0, 0, 0, 0, 1, 0, 1, 48, 0, 0]","[1396, 0, 0, 16, 2, 0, 2, 0, 2, 0, 0, 0, 22, 0, 0]","[9765, 153, 2, 1, 179]",11085,32,1.1595850248082995,1.7275597654488046,1.1834009923319802,17,3,0,1,1,0,0
33,10724,160,2,1,157,201,0.14375,"{1: [3688, 0, 0, 72, 4, 0, 1, 0, 1, 0, 0, 0, 88, 0, 0], 0: [3965, 0, 0, 68, 1, 0, 1, 0, 1, 1, 0, 1, 89, 0, 0], 2: [3071, 0, 0, 17, 0, 0, 0, 0, 0, 0, 0, 0, 24, 0, 0]}","[825, 0, 0, 9, 1, 0, 0, 0, 0, 0, 0, 0, 8, 0, 0]","[2623, 0, 0, 49, 1, 0, 0, 0, 0, 0, 0, 0, 51, 0, 0]","[3487, 0, 0, 47, 2, 0, 0, 0, 0, 0, 0, 0, 72, 0, 0]","[2394, 0, 0, 35, 1, 0, 0, 0, 0, 1, 0, 1, 48, 0, 0]","[1395, 0, 0, 17, 0, 0, 2, 0, 2, 0, 0, 0, 22, 0, 0]","[9761, 151, 2, 1, 185]",11085,33,1.1562471808750563,1.7906179521876409,1.1707713125845738,5,3,0,2,1,0,0
34,10718,160,3,1,156,207,0.18125,"{1: [3686, 0, 0, 71, 1, 0, 1, 0, 1, 0, 0, 0, 91, 0, 0], 0: [3961, 0, 0, 70, 2, 0, 2, 0, 1, 1, 0, 1, 90, 0, 0], 2: [3071, 0, 0, 15, 0, 0, 0, 0, 0, 0, 0, 0, 26, 0, 0]}","[825, 0, 0, 7, 0, 0, 0, 0, 0, 0, 0, 0, 10, 0, 0]","[2621, 0, 0, 51, 1, 0, 0, 0, 0, 0, 0, 0, 51, 0, 0]","[3483, 0, 0, 50, 1, 0, 0, 0, 0, 0, 0, 0, 73, 0, 0]","[2394, 0, 0, 33, 0, 0, 0, 0, 0, 1, 0, 1, 50, 0, 0]","[1395, 0, 0, 15, 1, 0, 3, 0, 2, 0, 0, 0, 23, 0, 0]","[9756, 149, 3, 1, 191]",11085,34,1.173297248534055,1.8275146594497067,1.1667117726657645,3,3,1,2,1,0,0
35,10708,165,3,1,161,212,0.23636363636363636,"{1: [3684, 0, 0, 73, 2, 0, 1, 0, 1, 0, 0, 0, 91, 0, 0], 0: [3956, 0, 0, 70, 6, 0, 2, 0, 1, 1, 0, 1, 95, 0, 0], 2: [3068, 0, 0, 18, 2, 0, 0, 0, 0, 0, 0, 0, 26, 0, 0]}","[823, 0, 0, 9, 2, 0, 0, 0, 0, 0, 0, 0, 10, 0, 0]","[2619, 0, 0, 51, 2, 0, 0, 0, 0, 0, 0, 0, 53, 0, 0]","[3479, 0, 0, 51, 5, 0, 0, 0, 0, 0, 0, 0, 76, 0, 0]","[2392, 0, 0, 35, 1, 0, 0, 0, 0, 1, 0, 1, 50, 0, 0]","[1395, 0, 0, 15, 0, 0, 3, 0, 2, 0, 0, 0, 23, 0, 0]","[9748, 152, 3, 1, 196]",11085,35,1.1697789806044203,1.7584122688317547,1.1688768606224629,10,3,1,3,1,0,0
36,10706,160,3,1,156,219,0.25625,"{1: [3683, 0, 0, 70, 1, 0, 1, 0, 1, 0, 0, 0, 95, 0, 0], 0: [3955, 0, 0, 68, 2, 0, 2, 0, 1, 1, 0, 1, 98, 0, 0], 2: [3068, 0, 0, 18, 1, 0, 0, 0, 0, 0, 0, 0, 26, 0, 0]}","[823, 0, 0, 9, 0, 0, 0, 0, 0, 0, 0, 0, 10, 0, 0]","[2619, 0, 0, 48, 1, 0, 0, 0, 0, 0, 0, 0, 56, 0, 0]","[3477, 0, 0, 52, 2, 0, 0, 0, 0, 0, 0, 0, 77, 0, 0]","[2392, 0, 0, 32, 1, 0, 0, 0, 0, 1, 0, 1, 53, 0, 0]","[1395, 0, 0, 15, 0, 0, 3, 0, 2, 0, 0, 0, 23, 0, 0]","[9747, 146, 3, 1, 203]",11085,36,1.168786648624267,1.801533603969328,1.1562471808750563,4,3,1,3,1,0,0
37,10684,162,3,1,158,239,0.30864197530864196,"{1: [3671, 0, 0, 74, 9, 0, 1, 0, 1, 0, 0, 0, 103, 0, 0], 0: [3948, 0, 0, 63, 4, 0, 2, 0, 1, 1, 0, 1, 110, 0, 0], 2: [3065, 0, 0, 21, 1, 0, 0, 0, 0, 0, 0, 0, 26, 0, 0]}","[821, 0, 0, 10, 2, 0, 0, 0, 0, 0, 0, 0, 11, 0, 0]","[2615, 0, 0, 44, 2, 0, 0, 0, 0, 0, 0, 0, 64, 0, 0]","[3468, 0, 0, 56, 7, 0, 0, 0, 0, 0, 0, 0, 82, 0, 0]","[2388, 0, 0, 32, 1, 0, 0, 0, 0, 1, 0, 1, 57, 0, 0]","[1392, 0, 0, 16, 2, 0, 3, 0, 2, 0, 0, 0, 25, 0, 0]","[9727, 147, 3, 1, 222]",11085,37,1.1698691926026161,1.8373477672530447,1.1734776725304465,14,3,1,3,1,0,0
38,10671,156,3,1,152,258,0.40384615384615385,"{1: [3667, 0, 0, 70, 4, 0, 1, 0, 1, 0, 0, 0, 111, 0, 0], 0: [3944, 0, 0, 61, 7, 0, 2, 0, 2, 1, 0, 1, 116, 0, 0], 2: [3060, 0, 0, 21, 6, 0, 0, 0, 0, 0, 0, 0, 31, 0, 0]}","[819, 0, 0, 10, 1, 0, 0, 0, 0, 0, 0, 0, 13, 0, 0]","[2612, 0, 0, 39, 4, 0, 0, 0, 0, 0, 0, 0, 72, 0, 0]","[3465, 0, 0, 55, 4, 0, 0, 0, 0, 0, 0, 0, 86, 0, 0]","[2385, 0, 0, 32, 5, 0, 0, 0, 0, 1, 0, 1, 60, 0, 0]","[1390, 0, 0, 16, 3, 0, 3, 0, 3, 0, 0, 0, 27, 0, 0]","[9716, 139, 3, 1, 241]",11085,38,1.1738385205232296,1.7559765448804692,1.1697789806044203,17,4,0,3,1,0,0
39,10662,155,3,0,152,268,0.4645161290322581,"{1: [3663, 0, 0, 69, 8, 0, 1, 0, 1, 0, 0, 0, 116, 0, 0], 0: [3941, 0, 0, 60, 4, 0, 2, 0, 2, 0, 0, 0, 121, 0, 1], 2: [3058, 0, 0, 23, 2, 0, 0, 0, 0, 0, 0, 0, 31, 0, 0]}","[819, 0, 0, 10, 1, 0, 0, 0, 0, 0, 0, 0, 13, 0, 0]","[2609, 0, 0, 41, 4, 0, 0, 0, 0, 0, 0, 0, 73, 0, 0]","[3463, 0, 0, 54, 5, 0, 0, 0, 0, 0, 0, 0, 89, 0, 0]","[2382, 0, 0, 32, 3, 0, 0, 0, 0, 0, 0, 0, 64, 0, 1]","[1389, 0, 0, 15, 1, 0, 3, 0, 3, 0, 0, 0, 29, 0, 0]","[9709, 137, 3, 0, 251]",11085,39,1.164276048714479,1.7831303563373928,1.1788001804239965,14,4,0,3,1,0,0
40,10653,145,2,0,143,287,0.4068965517241379,"{1: [3655, 0, 0, 68, 6, 0, 1, 0, 1, 0, 0, 0, 125, 0, 0], 0: [3940, 0, 0, 55, 0, 0, 1, 0, 1, 0, 0, 0, 128, 0, 2], 2: [3058, 0, 0, 20, 1, 0, 0, 0, 0, 0, 0, 0, 34, 0, 0]}","[818, 0, 0, 10, 1, 0, 0, 0, 0, 0, 0, 0, 14, 0, 0]","[2606, 0, 0, 39, 3, 0, 0, 0, 0, 0, 0, 0, 78, 0, 0]","[3461, 0, 0, 49, 1, 0, 0, 0, 0, 0, 0, 0, 96, 0, 0]","[2380, 0, 0, 31, 2, 0, 0, 0, 0, 0, 0, 0, 67, 0, 1]","[1388, 0, 0, 14, 0, 0, 2, 0, 2, 0, 0, 0, 32, 0, 1]","[9700, 129, 2, 0, 269]",11085,40,1.1727559765448805,1.7843031123139377,1.1723951285520975,7,4,0,3,1,0,0
41,10644,143,2,0,141,298,0.3356643356643357,"{1: [3652, 0, 0, 64, 3, 0, 1, 0, 1, 0, 0, 0, 132, 0, 0], 0: [3934, 0, 0, 58, 1, 0, 1, 0, 1, 0, 0, 0, 131, 0, 2], 2: [3058, 0, 0, 19, 0, 0, 0, 0, 0, 0, 0, 0, 35, 0, 0]}","[817, 0, 0, 11, 0, 0, 0, 0, 0, 0, 0, 0, 14, 0, 0]","[2605, 0, 0, 38, 0, 0, 0, 0, 0, 0, 0, 0, 80, 0, 0]","[3460, 0, 0, 46, 1, 0, 0, 0, 0, 0, 0, 0, 100, 0, 0]","[2377, 0, 0, 30, 2, 0, 0, 0, 0, 0, 0, 0, 71, 0, 1]","[1385, 0, 0, 16, 1, 0, 2, 0, 2, 0, 0, 0, 33, 0, 1]","[9692, 127, 2, 0, 279]",11085,41,1.1731168245376635,1.7731168245376636,1.1520974289580515,4,4,0,3,1,0,0
42,10625,156,2,0,154,304,0.42948717948717946,"{1: [3646, 0, 0, 69, 6, 0, 1, 0, 1, 0, 0, 0, 133, 0, 0], 0: [3925, 0, 0, 64, 10, 0, 1, 0, 1, 0, 0, 0, 134, 0, 2], 2: [3054, 0, 0, 21, 2, 0, 0, 0, 0, 0, 0, 0, 37, 0, 0]}","[816, 0, 0, 12, 2, 0, 0, 0, 0, 0, 0, 0, 14, 0, 0]","[2600, 0, 0, 41, 2, 0, 0, 0, 0, 0, 0, 0, 82, 0, 0]","[3456, 0, 0, 49, 4, 0, 0, 0, 0, 0, 0, 0, 101, 0, 0]","[2372, 0, 0, 33, 5, 0, 0, 0, 0, 0, 0, 0, 73, 0, 1]","[1381, 0, 0, 19, 5, 0, 2, 0, 2, 0, 0, 0, 34, 0, 1]","[9676, 137, 2, 0, 285]",11085,42,1.1745602165087956,1.7969327920613443,1.1652683806946325,18,4,0,2,1,0,0
43,10615,155,2,0,153,315,0.4967741935483871,"{1: [3643, 0, 0, 70, 4, 0, 1, 0, 1, 0, 0, 0, 135, 0, 0], 0: [3920, 0, 0, 61, 10, 0, 1, 0, 1, 0, 0, 0, 142, 0, 2], 2: [3052, 0, 0, 22, 3, 0, 0, 0, 0, 0, 0, 0, 38, 0, 0]}","[816, 0, 0, 12, 0, 0, 0, 0, 0, 0, 0, 0, 14, 0, 0]","[2596, 0, 0, 40, 7, 0, 0, 0, 0, 0, 0, 0, 87, 0, 0]","[3452, 0, 0, 47, 5, 0, 0, 0, 0, 0, 0, 0, 107, 0, 0]","[2371, 0, 0, 34, 2, 0, 0, 0, 0, 0, 0, 0, 73, 0, 1]","[1380, 0, 0, 20, 3, 0, 2, 0, 2, 0, 0, 0, 34, 0, 1]","[9666, 136, 2, 0, 296]",11085,43,1.1705006765899866,1.7885430762291386,1.1783491204330176,17,4,0,3,1,0,0
44,10589,169,2,0,167,327,0.3254437869822485,"{1: [3633, 0, 0, 76, 4, 0, 1, 0, 1, 0, 0, 0, 139, 0, 0], 0: [3906, 0, 0, 67, 10, 0, 1, 0, 1, 0, 0, 0, 150, 0, 2], 2: [3050, 0, 0, 24, 2, 0, 0, 0, 0, 0, 0, 0, 38, 0, 0]}","[814, 0, 0, 13, 0, 0, 0, 0, 0, 0, 0, 0, 15, 0, 0]","[2590, 0, 0, 42, 4, 0, 0, 0, 0, 0, 0, 0, 91, 0, 0]","[3444, 0, 0, 54, 5, 0, 0, 0, 0, 0, 0, 0, 108, 0, 0]","[2365, 0, 0, 36, 5, 0, 0, 0, 0, 0, 0, 0, 77, 0, 1]","[1376, 0, 0, 22, 2, 0, 2, 0, 2, 0, 0, 0, 36, 0, 1]","[9642, 150, 2, 0, 306]",11085,44,1.1667117726657645,1.8117275597654487,1.16914749661705,16,4,0,3,1,0,0
45,10580,169,2,0,167,336,0.378698224852071,"{1: [3630, 0, 0, 73, 8, 0, 1, 0, 1, 0, 0, 0, 145, 0, 0], 0: [3901, 0, 0, 69, 7, 0, 1, 0, 1, 0, 0, 0, 153, 0, 2], 2: [3049, 0, 0, 25, 2, 0, 0, 0, 0, 0, 0, 0, 38, 0, 0]}","[814, 0, 0, 13, 2, 0, 0, 0, 0, 0, 0, 0, 15, 0, 0]","[2587, 0, 0, 42, 5, 0, 0, 0, 0, 0, 0, 0, 94, 0, 0]","[3440, 0, 0, 53, 5, 0, 0, 0, 0, 0, 0, 0, 113, 0, 0]","[2364, 0, 0, 36, 2, 0, 0, 0, 0, 0, 0, 0, 78, 0, 1]","[1375, 0, 0, 23, 3, 0, 2, 0, 2, 0, 0, 0, 36, 0, 1]","[9633, 150, 2, 0, 315]",11085,45,1.1694181326116373,1.7534506089309878,1.1649075327018494,17,4,0,3,1,0,0
46,10564,168,2,0,166,353,0.39880952380952384,"{1: [3623, 0, 0, 69, 4, 0, 1, 0, 1, 0, 0, 0, 156, 0, 0], 0: [3897, 0, 0, 70, 2, 0, 1, 0, 1, 0, 0, 0, 156, 0, 2], 2: [3044, 0, 0, 27, 4, 0, 0, 0, 0, 0, 0, 0, 41, 0, 0]}","[814, 0, 0, 12, 0, 0, 0, 0, 0, 0, 0, 0, 16, 0, 0]","[2584, 0, 0, 40, 2, 0, 0, 0, 0, 0, 0, 0, 99, 0, 0]","[3433, 0, 0, 56, 5, 0, 0, 0, 0, 0, 0, 0, 117, 0, 0]","[2360, 0, 0, 35, 1, 0, 0, 0, 0, 0, 0, 0, 83, 0, 1]","[1373, 0, 0, 23, 2, 0, 2, 0, 2, 0, 0, 0, 38, 0, 1]","[9620, 147, 2, 0, 331]",11085,46,1.1806044203879116,1.8004510599909789,1.1696887686062247,10,4,0,3,1,0,0
47,10530,197,2,0,195,358,0.5126903553299492,"{1: [3602, 0, 0, 86, 19, 0, 1, 0, 1, 0, 0, 0, 160, 0, 0], 0: [3889, 0, 0, 77, 10, 0, 1, 0, 1, 0, 0, 0, 157, 0, 2], 2: [3039, 0, 0, 32, 5, 0, 0, 0, 0, 0, 0, 0, 41, 0, 0]}","[810, 0, 0, 15, 3, 0, 0, 0, 0, 0, 0, 0, 17, 0, 0]","[2575, 0, 0, 48, 10, 0, 0, 0, 0, 0, 0, 0, 100, 0, 0]","[3425, 0, 0, 62, 10, 0, 0, 0, 0, 0, 0, 0, 119, 0, 0]","[2353, 0, 0, 41, 8, 0, 0, 0, 0, 0, 0, 0, 84, 0, 1]","[1367, 0, 0, 29, 3, 0, 2, 0, 2, 0, 0, 0, 38, 0, 1]","[9588, 174, 2, 0, 336]",11085,47,1.1566982408660351,1.7997293640054126,1.1656292286874155,34,4,0,3,1,0,0
48,10505,218,1,0,217,362,0.5779816513761468,"{1: [3599, 0, 0, 88, 7, 0, 0, 0, 0, 0, 0, 0, 162, 0, 1], 0: [3877, 0, 0, 87, 9, 0, 1, 0, 1, 0, 0, 0, 159, 0, 2], 2: [3029, 0, 0, 42, 9, 0, 0, 0, 0, 0, 0, 0, 41, 0, 0]}","[807, 0, 0, 18, 3, 0, 0, 0, 0, 0, 0, 0, 17, 0, 0]","[2567, 0, 0, 55, 5, 0, 0, 0, 0, 0, 0, 0, 101, 0, 0]","[3419, 0, 0, 67, 7, 0, 0, 0, 0, 0, 0, 0, 120, 0, 0]","[2349, 0, 0, 45, 4, 0, 0, 0, 0, 0, 0, 0, 84, 0, 1]","[1363, 0, 0, 32, 6, 0, 1, 0, 1, 0, 0, 0, 40, 0, 2]","[9566, 193, 1, 0, 340]",11085,48,1.1782589084348218,1.7998195760036084,1.1784393324312135,25,4,0,3,1,0,0
49,10481,232,1,0,231,372,0.5948275862068966,"{1: [3594, 0, 0, 91, 5, 0, 0, 0, 0, 0, 0, 0, 164, 0, 1], 0: [3865, 0, 0, 93, 12, 0, 1, 0, 1, 0, 0, 0, 165, 0, 2], 2: [3022, 0, 0, 47, 4, 0, 0, 0, 0, 0, 0, 0, 43, 0, 0]}","[805, 0, 0, 18, 1, 0, 0, 0, 0, 0, 0, 0, 19, 0, 0]","[2563, 0, 0, 57, 5, 0, 0, 0, 0, 0, 0, 0, 103, 0, 0]","[3412, 0, 0, 69, 5, 0, 0, 0, 0, 0, 0, 0, 125, 0, 0]","[2344, 0, 0, 49, 4, 0, 0, 0, 0, 0, 0, 0, 85, 0, 1]","[1357, 0, 0, 38, 6, 0, 1, 0, 1, 0, 0, 0, 40, 0, 2]","[9543, 207, 1, 0, 349]",11085,49,1.1901668921966622,1.7658998646820028,1.1656292286874155,21,4,0,3,1,0,0
50,10455,254,1,0,253,376,0.5433070866141733,"{1: [3580, 0, 0, 104, 10, 0, 0, 0, 0, 0, 0, 0, 165, 0, 1], 0: [3857, 0, 0, 99, 11, 0, 1, 0, 1, 0, 0, 0, 167, 0, 2], 2: [3018, 0, 0, 50, 8, 0, 0, 0, 0, 0, 0, 0, 44, 0, 0]}","[803, 0, 0, 20, 3, 0, 0, 0, 0, 0, 0, 0, 19, 0, 0]","[2557, 0, 0, 62, 6, 0, 0, 0, 0, 0, 0, 0, 104, 0, 0]","[3402, 0, 0, 77, 8, 0, 0, 0, 0, 0, 0, 0, 127, 0, 0]","[2339, 0, 0, 53, 9, 0, 0, 0, 0, 0, 0, 0, 86, 0, 1]","[1354, 0, 0, 41, 3, 0, 1, 0, 1, 0, 0, 0, 40, 0, 2]","[9520, 228, 1, 0, 351]",11085,50,1.1722147045557059,1.8012629679747407,1.1585926928281463,29,4,0,3,1,0,0
51,10443,252,1,0,251,390,0.4801587301587302,"{1: [3575, 0, 0, 100, 8, 0, 0, 0, 0, 0, 0, 0, 174, 0, 1], 0: [3851, 0, 0, 101, 4, 0, 1, 0, 1, 0, 0, 0, 171, 0, 2], 2: [3017, 0, 0, 50, 2, 0, 0, 0, 0, 0, 0, 0, 45, 0, 0]}","[803, 0, 0, 18, 1, 0, 0, 0, 0, 0, 0, 0, 21, 0, 0]","[2554, 0, 0, 63, 4, 0, 0, 0, 0, 0, 0, 0, 106, 0, 0]","[3398, 0, 0, 74, 7, 0, 0, 0, 0, 0, 0, 0, 134, 0, 0]","[2336, 0, 0, 55, 0, 0, 0, 0, 0, 0, 0, 0, 87, 0, 1]","[1352, 0, 0, 41, 2, 0, 1, 0, 1, 0, 0, 0, 42, 0, 2]","[9512, 225, 1, 0, 362]",11085,51,1.1829499323410013,1.7976544880469103,1.1794316644113667,14,4,0,3,1,0,0
52,10414,264,1,0,263,407,0.5075757575757576,"{1: [3564, 0, 0, 107, 8, 0, 0, 0, 0, 0, 0, 0, 178, 0, 1], 0: [3835, 0, 0, 110, 9, 0, 1, 0, 1, 0, 0, 0, 178, 0, 2], 2: [3015, 0, 0, 46, 0, 0, 0, 0, 0, 0, 0, 0, 51, 0, 0]}","[801, 0, 0, 19, 1, 0, 0, 0, 0, 0, 0, 0, 22, 0, 0]","[2547, 0, 0, 66, 5, 0, 0, 0, 0, 0, 0, 0, 110, 0, 0]","[3389, 0, 0, 79, 4, 0, 0, 0, 0, 0, 0, 0, 138, 0, 0]","[2329, 0, 0, 57, 5, 0, 0, 0, 0, 0, 0, 0, 92, 0, 1]","[1348, 0, 0, 42, 2, 0, 1, 0, 1, 0, 0, 0, 45, 0, 2]","[9485, 236, 1, 0, 378]",11085,52,1.1764546684709067,1.7728461885430762,1.1610284167794316,17,4,0,3,1,0,0
53,10387,277,1,0,276,421,0.3212996389891697,"{1: [3559, 0, 0, 104, 11, 0, 0, 0, 0, 0, 0, 0, 186, 0, 1], 0: [3822, 0, 0, 119, 16, 0, 1, 0, 1, 0, 0, 0, 182, 0, 2], 2: [3006, 0, 0, 53, 3, 0, 0, 0, 0, 0, 0, 0, 53, 0, 0]}","[799, 0, 0, 20, 3, 0, 0, 0, 0, 0, 0, 0, 23, 0, 0]","[2541, 0, 0, 68, 7, 0, 0, 0, 0, 0, 0, 0, 114, 0, 0]","[3378, 0, 0, 85, 10, 0, 0, 0, 0, 0, 0, 0, 143, 0, 0]","[2323, 0, 0, 60, 6, 0, 0, 0, 0, 0, 0, 0, 95, 0, 1]","[1346, 0, 0, 43, 4, 0, 1, 0, 1, 0, 0, 0, 46, 0, 2]","[9460, 250, 1, 0, 389]",11085,53,1.1652683806946325,1.7272891294542174,1.1843933243121336,30,4,0,3,1,0,0
54,10354,303,1,0,302,428,0.40264026402640263,"{1: [3543, 0, 0, 114, 10, 0, 0, 0, 0, 0, 0, 0, 192, 0, 1], 0: [3810, 0, 0, 131, 12, 0, 1, 0, 1, 0, 0, 0, 182, 0, 2], 2: [3001, 0, 0, 57, 11, 0, 0, 0, 0, 0, 0, 0, 54, 0, 0]}","[794, 0, 0, 24, 4, 0, 0, 0, 0, 0, 0, 0, 24, 0, 0]","[2534, 0, 0, 72, 7, 0, 0, 0, 0, 0, 0, 0, 117, 0, 0]","[3365, 0, 0, 97, 12, 0, 0, 0, 0, 0, 0, 0, 144, 0, 0]","[2319, 0, 0, 62, 6, 0, 0, 0, 0, 0, 0, 0, 97, 0, 1]","[1342, 0, 0, 47, 4, 0, 1, 0, 1, 0, 0, 0, 46, 0, 2]","[9431, 272, 1, 0, 396]",11085,54,1.1747406405051872,1.8009923319801533,1.1745602165087956,33,4,0,3,1,0,0
55,10326,327,2,0,325,432,0.45871559633027525,"{1: [3528, 0, 0, 126, 11, 0, 0, 0, 0, 0, 0, 0, 195, 0, 1], 0: [3802, 0, 0, 137, 12, 0, 2, 0, 1, 0, 0, 0, 183, 0, 2], 2: [2996, 0, 0, 62, 4, 0, 0, 0, 0, 0, 0, 0, 54, 0, 0]}","[789, 0, 0, 29, 4, 0, 0, 0, 0, 0, 0, 0, 24, 0, 0]","[2531, 0, 0, 75, 5, 0, 0, 0, 0, 0, 0, 0, 117, 0, 0]","[3353, 0, 0, 108, 11, 0, 0, 0, 0, 0, 0, 0, 145, 0, 0]","[2315, 0, 0, 64, 5, 0, 0, 0, 0, 0, 0, 0, 99, 0, 1]","[1338, 0, 0, 49, 2, 0, 2, 0, 1, 0, 0, 0, 47, 0, 2]","[9406, 292, 2, 0, 400]",11085,55,1.18276950834461,1.7910690121786197,1.1612088407758232,27,4,1,4,1,0,0
56,10284,352,3,0,349,449,0.3494318181818182,"{1: [3509, 0, 0, 139, 18, 0, 0, 0, 0, 0, 0, 0, 201, 0, 1], 0: [3784, 0, 0, 145, 13, 0, 3, 0, 1, 0, 0, 0, 192, 0, 2], 2: [2991, 0, 0, 65, 6, 0, 0, 0, 0, 0, 0, 0, 56, 0, 0]}","[784, 0, 0, 32, 6, 0, 0, 0, 0, 0, 0, 0, 26, 0, 0]","[2519, 0, 0, 85, 9, 0, 0, 0, 0, 0, 0, 0, 119, 0, 0]","[3341, 0, 0, 116, 14, 0, 0, 0, 0, 0, 0, 0, 149, 0, 0]","[2307, 0, 0, 66, 4, 0, 1, 0, 0, 0, 0, 0, 104, 0, 1]","[1333, 0, 0, 50, 4, 0, 2, 0, 1, 0, 0, 0, 51, 0, 2]","[9366, 318, 3, 0, 413]",11085,56,1.162742444745151,1.8042399639152007,1.1679747406405052,37,4,2,5,1,0,0
57,10256,364,3,0,361,465,0.41483516483516486,"{1: [3502, 0, 0, 142, 18, 0, 0, 0, 0, 0, 0, 0, 205, 0, 1], 0: [3768, 0, 0, 152, 17, 0, 3, 0, 1, 0, 0, 0, 201, 0, 2], 2: [2986, 0, 0, 67, 6, 0, 0, 0, 0, 0, 0, 0, 59, 0, 0]}","[781, 0, 0, 35, 3, 0, 0, 0, 0, 0, 0, 0, 26, 0, 0]","[2513, 0, 0, 84, 10, 0, 0, 0, 0, 0, 0, 0, 126, 0, 0]","[3331, 0, 0, 121, 12, 0, 0, 0, 0, 0, 0, 0, 154, 0, 0]","[2302, 0, 0, 70, 8, 0, 1, 0, 0, 0, 0, 0, 105, 0, 1]","[1329, 0, 0, 51, 8, 0, 2, 0, 1, 0, 0, 0, 54, 0, 2]","[9340, 328, 3, 0, 429]",11085,57,1.1724853405502933,1.8336490753270185,1.16319350473613,41,4,2,5,1,0,0
58,10226,378,3,0,375,481,0.41798941798941797,"{1: [3490, 0, 0, 150, 9, 0, 0, 0, 0, 0, 0, 0, 209, 0, 1], 0: [3752, 0, 0, 158, 14, 0, 3, 0, 1, 0, 0, 0, 211, 0, 2], 2: [2984, 0, 0, 67, 1, 0, 0, 0, 0, 0, 0, 0, 61, 0, 0]}","[780, 0, 0, 36, 1, 0, 0, 0, 0, 0, 0, 0, 26, 0, 0]","[2505, 0, 0, 88, 5, 0, 0, 0, 0, 0, 0, 0, 130, 0, 0]","[3323, 0, 0, 124, 10, 0, 0, 0, 0, 0, 0, 0, 159, 0, 0]","[2295, 0, 0, 72, 6, 0, 1, 0, 0, 0, 0, 0, 110, 0, 1]","[1323, 0, 0, 55, 2, 0, 2, 0, 1, 0, 0, 0, 56, 0, 2]","[9312, 341, 3, 0, 444]",11085,58,1.1644564727108706,1.8106450157870997,1.1673432566531348,24,4,2,5,1,0,0
59,10185,402,3,0,399,498,0.4502487562189055,"{1: [3466, 0, 0, 166, 18, 0, 0, 0, 0, 0, 0, 0, 217, 0, 1], 0: [3738, 0, 0, 165, 19, 0, 3, 0, 2, 0, 0, 0, 218, 0, 2], 2: [2981, 0, 0, 68, 3, 0, 0, 0, 0, 0, 0, 0, 63, 0, 0]}","[775, 0, 0, 39, 4, 0, 0, 0, 0, 0, 0, 0, 28, 0, 0]","[2495, 0, 0, 93, 10, 0, 0, 0, 0, 0, 0, 0, 135, 0, 0]","[3313, 0, 0, 129, 7, 0, 0, 0, 0, 0, 0, 0, 164, 0, 0]","[2285, 0, 0, 80, 12, 0, 1, 0, 0, 0, 0, 0, 112, 0, 1]","[1317, 0, 0, 58, 7, 0, 2, 0, 2, 0, 0, 0, 59, 0, 2]","[9274, 363, 3, 0, 460]",11085,59,1.1918809201623817,1.7806946323861073,1.1861975642760487,40,5,1,5,1,0,0
60,10141,436,3,0,433,508,0.48623853211009177,"{1: [3439, 0, 0, 189, 21, 0, 0, 0, 0, 0, 0, 0, 221, 0, 1], 0: [3727, 0, 0, 174, 10, 0, 3, 0, 3, 0, 0, 0, 220, 0, 2], 2: [2975, 0, 0, 70, 5, 0, 0, 0, 0, 0, 0, 0, 67, 0, 0]}","[771, 0, 0, 43, 4, 0, 0, 0, 0, 0, 0, 0, 28, 0, 0]","[2482, 0, 0, 104, 8, 0, 0, 0, 0, 0, 0, 0, 137, 0, 0]","[3300, 0, 0, 137, 13, 0, 0, 0, 0, 0, 0, 0, 169, 0, 0]","[2276, 0, 0, 88, 6, 0, 1, 0, 1, 0, 0, 0, 113, 0, 1]","[1312, 0, 0, 61, 5, 0, 2, 0, 2, 0, 0, 0, 61, 0, 2]","[9235, 393, 3, 0, 469]",11085,60,1.1783491204330176,1.7629228687415426,1.182318448353631,36,6,0,5,1,0,0
61,10100,443,5,1,437,542,0.44243792325056436,"{1: [3417, 0, 0, 191, 29, 0, 1, 0, 0, 0, 0, 0, 240, 0, 1], 0: [3717, 0, 0, 173, 11, 0, 3, 0, 2, 1, 0, 1, 230, 0, 2], 2: [2966, 0, 0, 73, 8, 0, 1, 0, 0, 0, 0, 0, 72, 0, 0]}","[769, 0, 0, 41, 4, 0, 1, 0, 0, 0, 0, 0, 31, 0, 0]","[2471, 0, 0, 105, 15, 0, 0, 0, 0, 0, 0, 0, 147, 0, 0]","[3289, 0, 0, 138, 12, 0, 0, 0, 0, 0, 0, 0, 179, 0, 0]","[2263, 0, 0, 92, 12, 0, 1, 0, 0, 1, 0, 1, 121, 0, 1]","[1308, 0, 0, 61, 5, 0, 3, 0, 2, 0, 0, 0, 64, 0, 2]","[9198, 396, 5, 1, 500]",11085,61,1.1590437528191249,1.7559765448804692,1.1756427604871449,48,6,3,8,1,0,0
62,10063,457,4,1,452,565,0.4179431072210066,"{1: [3399, 0, 0, 203, 20, 0, 1, 0, 0, 0, 0, 0, 246, 0, 1], 0: [3700, 0, 0, 182, 16, 0, 2, 0, 1, 1, 0, 1, 239, 0, 3], 2: [2964, 0, 0, 67, 5, 0, 1, 0, 0, 0, 0, 0, 80, 0, 0]}","[766, 0, 0, 42, 1, 0, 1, 0, 0, 0, 0, 0, 33, 0, 0]","[2463, 0, 0, 108, 10, 0, 0, 0, 0, 0, 0, 0, 152, 0, 0]","[3278, 0, 0, 142, 11, 0, 0, 0, 0, 0, 0, 0, 186, 0, 0]","[2251, 0, 0, 101, 16, 0, 1, 0, 0, 1, 0, 1, 124, 0, 1]","[1305, 0, 0, 59, 3, 0, 2, 0, 1, 0, 0, 0, 70, 0, 3]","[9166, 409, 4, 1, 520]",11085,62,1.1686964366260713,1.8551195308976094,1.1762742444745151,41,6,3,7,2,0,0
63,10018,481,5,1,475,586,0.41372141372141374,"{1: [3374, 0, 0, 223, 17, 0, 1, 0, 0, 0, 0, 0, 251, 0, 1], 0: [3684, 0, 0, 185, 15, 0, 3, 0, 1, 1, 0, 1, 251, 0, 3], 2: [2960, 0, 0, 67, 3, 0, 1, 0, 0, 0, 0, 0, 84, 0, 0]}","[761, 0, 0, 46, 4, 0, 1, 0, 0, 0, 0, 0, 34, 0, 0]","[2452, 0, 0, 113, 6, 0, 1, 0, 0, 0, 0, 0, 157, 0, 0]","[3267, 0, 0, 148, 14, 0, 0, 0, 0, 0, 0, 0, 191, 0, 0]","[2237, 0, 0, 111, 7, 0, 1, 0, 0, 1, 0, 1, 128, 0, 1]","[1301, 0, 0, 57, 4, 0, 2, 0, 1, 0, 0, 0, 76, 0, 3]","[9127, 428, 5, 1, 539]",11085,63,1.1707713125845738,1.807577807848444,1.1957600360847993,35,6,4,7,2,0,0
64,9974,497,5,1,491,614,0.40643863179074446,"{1: [3350, 0, 0, 237, 27, 0, 1, 0, 0, 0, 0, 0, 261, 0, 1], 0: [3667, 0, 0, 192, 14, 0, 3, 0, 1, 1, 0, 1, 261, 0, 3], 2: [2957, 0, 0, 62, 2, 0, 1, 0, 0, 0, 0, 0, 92, 0, 0]}","[757, 0, 0, 47, 6, 0, 1, 0, 0, 0, 0, 0, 37, 0, 0]","[2441, 0, 0, 119, 12, 0, 1, 0, 0, 0, 0, 0, 162, 0, 0]","[3255, 0, 0, 152, 7, 0, 0, 0, 0, 0, 0, 0, 199, 0, 0]","[2224, 0, 0, 115, 14, 0, 1, 0, 0, 1, 0, 1, 137, 0, 1]","[1297, 0, 0, 58, 4, 0, 2, 0, 1, 0, 0, 0, 79, 0, 3]","[9091, 438, 5, 1, 565]",11085,64,1.157149300857014,1.8100135317997295,1.1776274244474516,43,6,4,8,2,0,0
65,9936,521,5,1,515,628,0.42994241842610365,"{1: [3337, 0, 0, 242, 20, 0, 1, 0, 1, 0, 0, 0, 269, 0, 1], 0: [3651, 0, 0, 204, 16, 0, 3, 0, 2, 1, 0, 1, 265, 0, 3], 2: [2948, 0, 0, 69, 7, 0, 1, 0, 1, 0, 0, 0, 94, 0, 0]}","[754, 0, 0, 49, 1, 0, 1, 0, 1, 0, 0, 0, 38, 0, 0]","[2434, 0, 0, 122, 10, 0, 1, 0, 0, 0, 0, 0, 166, 0, 0]","[3240, 0, 0, 160, 15, 0, 0, 0, 0, 0, 0, 0, 206, 0, 0]","[2213, 0, 0, 126, 14, 0, 1, 0, 1, 1, 0, 1, 137, 0, 1]","[1295, 0, 0, 58, 3, 0, 2, 0, 2, 0, 0, 0, 81, 0, 3]","[9055, 462, 5, 1, 577]",11085,65,1.1629228687415427,1.7750112764997745,1.1554352728912944,43,9,1,8,2,0,0
66,9895,545,4,2,539,645,0.3669724770642202,"{1: [3311, 0, 0, 260, 16, 0, 1, 0, 1, 0, 0, 0, 277, 0, 1], 0: [3642, 0, 0, 204, 15, 0, 3, 0, 2, 1, 0, 1, 274, 0, 3], 2: [2942, 0, 0, 75, 8, 0, 0, 0, 0, 1, 0, 1, 94, 0, 0]}","[751, 0, 0, 51, 6, 0, 0, 0, 0, 1, 0, 1, 39, 0, 0]","[2430, 0, 0, 121, 5, 0, 1, 0, 0, 0, 0, 0, 171, 0, 0]","[3226, 0, 0, 170, 13, 0, 0, 0, 0, 0, 0, 0, 210, 0, 0]","[2198, 0, 0, 136, 13, 0, 1, 0, 1, 1, 0, 1, 142, 0, 1]","[1290, 0, 0, 61, 2, 0, 2, 0, 2, 0, 0, 0, 83, 0, 3]","[9018, 485, 4, 2, 591]",11085,66,1.1649075327018494,1.7744700045105999,1.1749210645015786,39,9,1,8,2,0,0
67,9836,574,4,2,568,675,0.367595818815331,"{1: [3275, 0, 0, 285, 28, 0, 1, 0, 1, 0, 0, 0, 288, 0, 1], 0: [3625, 0, 0, 205, 14, 0, 3, 0, 3, 1, 0, 1, 290, 0, 3], 2: [2936, 0, 0, 78, 5, 0, 0, 0, 0, 1, 0, 1, 97, 0, 0]}","[746, 0, 0, 53, 1, 0, 0, 0, 0, 1, 0, 1, 42, 0, 0]","[2419, 0, 0, 125, 8, 0, 1, 0, 1, 0, 0, 0, 178, 0, 0]","[3208, 0, 0, 178, 16, 0, 0, 0, 0, 0, 0, 0, 220, 0, 0]","[2181, 0, 0, 147, 14, 0, 1, 0, 1, 1, 0, 1, 148, 0, 1]","[1282, 0, 0, 65, 8, 0, 2, 0, 2, 0, 0, 0, 87, 0, 3]","[8963, 513, 4, 2, 618]",11085,67,1.1904375281912494,1.798917456021651,1.1714930085701398,47,10,0,7,3,0,0
68,9762,614,4,3,607,709,0.36807817589576547,"{1: [3239, 0, 0, 309, 41, 0, 3, 0, 1, 0, 0, 0, 298, 0, 1], 0: [3602, 0, 0, 216, 19, 0, 1, 0, 1, 2, 0, 2, 303, 0, 4], 2: [2921, 0, 0, 82, 12, 0, 0, 0, 0, 1, 0, 1, 108, 0, 0]}","[742, 0, 0, 52, 6, 0, 1, 0, 0, 1, 0, 1, 46, 0, 0]","[2400, 0, 0, 137, 13, 0, 0, 0, 0, 1, 0, 1, 185, 0, 0]","[3181, 0, 0, 193, 28, 0, 0, 0, 0, 0, 0, 0, 232, 0, 0]","[2164, 0, 0, 158, 16, 0, 1, 0, 1, 1, 0, 1, 154, 0, 1]","[1275, 0, 0, 67, 9, 0, 2, 0, 1, 0, 0, 0, 92, 0, 4]","[8893, 550, 4, 3, 650]",11085,68,1.176725304465494,1.813531799729364,1.1725755525484889,72,10,2,9,3,0,0
69,9702,648,4,3,641,734,0.38117283950617287,"{1: [3206, 0, 0, 332, 31, 0, 3, 0, 1, 0, 0, 0, 307, 0, 1], 0: [3582, 0, 0, 224, 20, 0, 1, 0, 1, 2, 0, 2, 315, 0, 4], 2: [2914, 0, 0, 85, 11, 0, 0, 0, 0, 1, 0, 1, 112, 0, 0]}","[738, 0, 0, 53, 4, 0, 1, 0, 0, 1, 0, 1, 49, 0, 0]","[2388, 0, 0, 144, 16, 0, 0, 0, 0, 1, 0, 1, 190, 0, 0]","[3158, 0, 0, 205, 19, 0, 0, 0, 0, 0, 0, 0, 243, 0, 0]","[2151, 0, 0, 166, 15, 0, 1, 0, 1, 1, 0, 1, 159, 0, 1]","[1267, 0, 0, 73, 8, 0, 2, 0, 1, 0, 0, 0, 93, 0, 4]","[8838, 582, 4, 3, 672]",11084,69,1.1798087333092746,1.7811259473114398,1.1722302417899675,62,10,2,6,4,0,0
70,9629,685,4,3,678,770,0.39124087591240875,"{1: [3162, 0, 0, 359, 47, 0, 3, 0, 1, 0, 0, 0, 324, 0, 1], 0: [3561, 0, 0, 232, 21, 0, 1, 0, 1, 2, 0, 2, 328, 0, 4], 2: [2906, 0, 0, 87, 6, 0, 0, 0, 0, 1, 0, 1, 118, 0, 0]}","[735, 0, 0, 50, 3, 0, 1, 0, 0, 1, 0, 1, 55, 0, 0]","[2366, 0, 0, 157, 22, 0, 0, 0, 0, 1, 0, 1, 199, 0, 0]","[3131, 0, 0, 218, 31, 0, 0, 0, 0, 0, 0, 0, 257, 0, 0]","[2133, 0, 0, 180, 15, 0, 1, 0, 1, 1, 0, 1, 163, 0, 1]","[1264, 0, 0, 73, 3, 0, 2, 0, 1, 0, 0, 0, 96, 0, 4]","[8770, 618, 4, 3, 704]",11084,70,1.1611331649224106,1.7897870804763623,1.1736737639841213,74,10,2,8,4,0,0
71,9562,711,7,3,701,811,0.44585091420534456,"{1: [3125, 0, 0, 375, 34, 0, 6, 0, 1, 0, 0, 0, 342, 0, 1], 0: [3540, 0, 0, 236, 22, 0, 1, 0, 1, 2, 0, 2, 345, 0, 4], 2: [2897, 0, 0, 90, 9, 0, 0, 0, 0, 1, 0, 1, 124, 0, 0]}","[727, 0, 0, 55, 8, 0, 1, 0, 0, 1, 0, 1, 58, 0, 0]","[2351, 0, 0, 162, 14, 0, 0, 0, 0, 1, 0, 1, 209, 0, 0]","[3109, 0, 0, 228, 20, 0, 0, 0, 0, 0, 0, 0, 269, 0, 0]","[2120, 0, 0, 184, 18, 0, 2, 0, 1, 1, 0, 1, 171, 0, 1]","[1255, 0, 0, 72, 5, 0, 4, 0, 1, 0, 0, 0, 104, 0, 4]","[8708, 638, 7, 3, 743]",11084,71,1.1795380728978708,1.758300252616384,1.1970407795019848,65,10,5,11,4,0,0
72,9491,761,8,3,750,832,0.4835742444152431,"{1: [3085, 0, 0, 409, 44, 0, 6, 0, 3, 0, 0, 0, 348, 0, 1], 0: [3517, 0, 0, 244, 26, 0, 2, 0, 1, 2, 0, 2, 359, 0, 4], 2: [2889, 0, 0, 97, 9, 0, 0, 0, 0, 1, 0, 1, 125, 0, 0]}","[720, 0, 0, 61, 6, 0, 1, 0, 1, 1, 0, 1, 59, 0, 0]","[2335, 0, 0, 173, 17, 0, 0, 0, 0, 1, 0, 1, 214, 0, 0]","[3089, 0, 0, 238, 23, 0, 0, 0, 0, 0, 0, 0, 279, 0, 0]","[2100, 0, 0, 199, 20, 0, 2, 0, 1, 1, 0, 1, 176, 0, 1]","[1247, 0, 0, 79, 13, 0, 5, 0, 2, 0, 0, 0, 104, 0, 4]","[8642, 684, 7, 3, 763]",11084,72,1.1597798628653915,1.8226272103933598,1.1616744857452184,79,12,4,13,3,0,0
73,9408,804,6,4,794,872,0.48756218905472637,"{1: [3037, 0, 0, 439, 48, 0, 4, 0, 1, 2, 0, 2, 366, 0, 1], 0: [3496, 0, 0, 247, 19, 0, 2, 0, 1, 1, 0, 1, 378, 0, 5], 2: [2875, 0, 0, 108, 11, 0, 0, 0, 0, 1, 0, 1, 128, 0, 0]}","[715, 0, 0, 62, 5, 0, 0, 0, 0, 2, 0, 2, 63, 0, 0]","[2311, 0, 0, 187, 19, 0, 0, 0, 0, 1, 0, 1, 224, 0, 0]","[3065, 0, 0, 255, 22, 0, 0, 0, 0, 0, 0, 0, 286, 0, 0]","[2082, 0, 0, 205, 22, 0, 2, 0, 1, 0, 0, 0, 189, 0, 2]","[1235, 0, 0, 85, 10, 0, 4, 0, 1, 1, 0, 1, 110, 0, 4]","[8562, 728, 5, 4, 800]",11084,73,1.1667268134247564,1.8039516420064958,1.1786358715265248,78,12,4,13,3,0,0
74,9336,840,7,4,829,908,0.5357142857142857,"{1: [2997, 0, 0, 458, 41, 0, 4, 0, 1, 2, 0, 2, 387, 0, 1], 0: [3473, 0, 0, 259, 17, 0, 3, 0, 1, 1, 0, 1, 388, 0, 5], 2: [2866, 0, 0, 112, 10, 0, 0, 0, 0, 1, 0, 1, 133, 0, 0]}","[710, 0, 0, 63, 4, 0, 0, 0, 0, 2, 0, 2, 67, 0, 0]","[2288, 0, 0, 201, 23, 0, 1, 0, 0, 1, 0, 1, 232, 0, 0]","[3045, 0, 0, 262, 23, 0, 0, 0, 0, 0, 0, 0, 299, 0, 0]","[2064, 0, 0, 217, 14, 0, 2, 0, 1, 0, 0, 0, 195, 0, 2]","[1229, 0, 0, 86, 4, 0, 4, 0, 1, 1, 0, 1, 115, 0, 4]","[8496, 759, 6, 4, 834]",11084,74,1.151389390111873,1.7513533020570191,1.169794298087333,68,12,5,12,5,0,0
75,9272,856,7,4,845,956,0.49065420560747663,"{1: [2971, 0, 0, 454, 30, 0, 5, 0, 4, 2, 0, 2, 416, 0, 1], 0: [3446, 0, 0, 276, 28, 0, 2, 0, 0, 1, 0, 1, 399, 0, 6], 2: [2855, 0, 0, 115, 15, 0, 0, 0, 0, 1, 0, 1, 141, 0, 0]}","[706, 0, 0, 63, 6, 0, 0, 0, 0, 2, 0, 2, 71, 0, 0]","[2271, 0, 0, 203, 23, 0, 2, 0, 0, 1, 0, 1, 246, 0, 0]","[3027, 0, 0, 268, 18, 0, 0, 0, 0, 0, 0, 0, 311, 0, 0]","[2051, 0, 0, 218, 17, 0, 2, 0, 2, 0, 0, 0, 207, 0, 2]","[1217, 0, 0, 93, 9, 0, 3, 0, 2, 1, 0, 1, 121, 0, 5]","[3340, 292, 6, 4, 360]",11084,75,1.170967159870083,1.7839227715626127,1.1681703356189101,73,15,3,13,5,0,0
76,8820,1268,6,6,1256,996,0.5757097791798107,"{1: [2758, 0, 0, 648, 109, 0, 3, 0, 2, 4, 0, 4, 435, 0, 1], 0: [3280, 0, 0, 425, 97, 0, 3, 0, 1, 1, 0, 1, 415, 0, 6], 2: [2782, 0, 0, 183, 36, 0, 0, 0, 0, 1, 0, 1, 146, 0, 0]}","[678, 0, 0, 90, 19, 0, 0, 0, 0, 2, 0, 2, 72, 0, 0]","[2155, 0, 0, 309, 61, 0, 3, 0, 0, 1, 0, 1, 255, 0, 0]","[2881, 0, 0, 403, 77, 0, 0, 0, 0, 0, 0, 0, 322, 0, 0]","[1944, 0, 0, 309, 50, 0, 2, 0, 2, 0, 0, 0, 223, 0, 2]","[1162, 0, 0, 145, 35, 0, 1, 0, 1, 3, 0, 3, 124, 0, 5]","[3182, 438, 6, 6, 371]",11084,76,8.44243955250812,12.803139660772285,8.560988812702995,242,16,3,14,5,0,0
77,8314,1740,7,6,1727,1030,0.6017241379310345,"{1: [2516, 0, 0, 872, 239, 0, 4, 0, 2, 4, 0, 4, 452, 0, 1], 0: [3107, 0, 0, 584, 169, 0, 3, 0, 1, 1, 0, 1, 429, 0, 6], 2: [2691, 0, 0, 271, 80, 0, 0, 0, 0, 1, 0, 1, 149, 0, 0]}","[639, 0, 0, 124, 33, 0, 1, 0, 0, 2, 0, 2, 76, 0, 0]","[2019, 0, 0, 440, 116, 0, 3, 0, 0, 1, 0, 1, 260, 0, 0]","[2704, 0, 0, 566, 173, 0, 0, 0, 0, 0, 0, 0, 336, 0, 0]","[1838, 0, 0, 408, 112, 0, 2, 0, 2, 0, 0, 0, 230, 0, 2]","[1114, 0, 0, 189, 54, 0, 1, 0, 1, 3, 0, 3, 128, 0, 5]","[3002, 606, 7, 6, 382]",11084,77,8.408697221219777,12.680259833994947,8.58435582822086,488,16,4,14,6,0,0
78,7838,2174,9,6,2159,1072,0.6389144434222631,"{1: [2260, 0, 0, 1100, 250, 0, 6, 0, 2, 4, 0, 4, 478, 0, 1], 0: [2976, 0, 0, 701, 147, 0, 3, 0, 2, 1, 0, 1, 443, 0, 6], 2: [2602, 0, 0, 358, 91, 0, 0, 0, 0, 1, 0, 1, 151, 0, 0]}","[612, 0, 0, 146, 30, 0, 1, 0, 0, 2, 0, 2, 81, 0, 0]","[1890, 0, 0, 555, 145, 0, 5, 0, 1, 1, 0, 1, 272, 0, 0]","[2527, 0, 0, 736, 172, 0, 0, 0, 0, 0, 0, 0, 343, 0, 0]","[1748, 0, 0, 484, 99, 0, 2, 0, 2, 0, 0, 0, 244, 0, 2]","[1061, 0, 0, 238, 42, 0, 1, 0, 1, 3, 0, 3, 132, 0, 5]","[2836, 753, 9, 6, 399]",11084,78,8.436665463731504,12.687477444965717,8.56324431613136,488,17,5,16,6,0,0
79,7434,2537,8,7,2522,1113,0.6219944816712653,"{1: [2056, 0, 0, 1286, 215, 0, 6, 0, 3, 4, 0, 4, 496, 0, 1], 0: [2846, 0, 0, 815, 142, 0, 2, 0, 1, 2, 0, 2, 459, 0, 6], 2: [2532, 0, 0, 421, 86, 0, 0, 0, 0, 1, 0, 1, 158, 0, 0]}","[583, 0, 0, 174, 28, 0, 1, 0, 0, 2, 0, 2, 82, 0, 0]","[1801, 0, 0, 636, 111, 0, 4, 0, 1, 2, 0, 2, 280, 0, 0]","[2392, 0, 0, 856, 152, 0, 0, 0, 0, 0, 0, 0, 358, 0, 0]","[1644, 0, 0, 574, 94, 0, 2, 0, 2, 0, 0, 0, 258, 0, 2]","[1014, 0, 0, 282, 58, 0, 1, 0, 1, 3, 0, 3, 135, 0, 5]","[2699, 882, 8, 7, 407]",11084,79,8.434049079754601,12.618549260194875,8.553590761457958,443,18,4,16,5,0,0
80,6992,2940,9,7,2924,1152,0.6295918367346939,"{1: [1845, 0, 0, 1480, 228, 0, 7, 0, 3, 4, 0, 4, 512, 0, 1], 0: [2692, 0, 0, 954, 139, 0, 2, 0, 2, 2, 0, 2, 474, 0, 6], 2: [2455, 0, 0, 490, 68, 0, 0, 0, 0, 1, 0, 1, 166, 0, 0]}","[550, 0, 0, 201, 29, 0, 1, 0, 0, 2, 0, 2, 88, 0, 0]","[1683, 0, 0, 748, 102, 0, 5, 0, 2, 2, 0, 2, 285, 0, 0]","[2250, 0, 0, 985, 145, 0, 0, 0, 0, 0, 0, 0, 371, 0, 0]","[1548, 0, 0, 657, 107, 0, 2, 0, 2, 0, 0, 0, 271, 0, 2]","[961, 0, 0, 333, 52, 0, 1, 0, 1, 3, 0, 3, 137, 0, 5]","[2546, 1024, 9, 7, 417]",11084,80,8.459310718152292,12.677282569469506,8.554132082280764,435,19,4,16,6,0,0
81,6515,3371,9,8,3354,1198,0.615247700978938,"{1: [1632, 0, 0, 1665, 204, 0, 8, 0, 4, 4, 0, 4, 539, 0, 1], 0: [2533, 0, 0, 1099, 154, 0, 1, 0, 1, 3, 0, 3, 488, 0, 6], 2: [2350, 0, 0, 590, 102, 0, 0, 0, 0, 1, 0, 1, 171, 0, 0]}","[516, 0, 0, 234, 40, 0, 1, 0, 1, 2, 0, 2, 89, 0, 0]","[1556, 0, 0, 867, 126, 0, 5, 0, 1, 3, 0, 3, 292, 0, 0]","[2102, 0, 0, 1117, 137, 0, 0, 0, 0, 0, 0, 0, 387, 0, 0]","[1438, 0, 0, 753, 102, 0, 2, 0, 2, 0, 0, 0, 285, 0, 2]","[903, 0, 0, 383, 55, 0, 1, 0, 1, 3, 0, 3, 145, 0, 5]","[2366, 1192, 9, 8, 428]",11084,81,8.460483579935042,12.871165644171779,8.53662937567665,460,20,4,18,6,0,0
82,5854,3959,9,7,3943,1270,0.5948471836322303,"{1: [1352, 0, 0, 1904, 250, 0, 8, 0, 6, 3, 0, 3, 580, 0, 2], 0: [2299, 0, 0, 1314, 191, 0, 1, 0, 1, 3, 0, 3, 507, 0, 6], 2: [2203, 0, 0, 725, 129, 0, 0, 0, 0, 1, 0, 1, 183, 0, 0]}","[459, 0, 0, 284, 38, 0, 1, 0, 1, 2, 0, 2, 95, 0, 0]","[1390, 0, 0, 1021, 146, 0, 5, 0, 3, 3, 0, 3, 304, 0, 0]","[1890, 0, 0, 1301, 193, 0, 0, 0, 0, 0, 0, 0, 415, 0, 0]","[1292, 0, 0, 883, 123, 0, 2, 0, 2, 0, 0, 0, 301, 0, 2]","[823, 0, 0, 454, 70, 0, 1, 0, 1, 2, 0, 2, 155, 0, 6]","[2116, 1420, 9, 7, 450]",11083,82,8.486420644229902,12.72624740593702,8.577100063159794,570,22,2,17,7,0,0
83,5109,4643,7,9,4627,1331,0.602627611458109,"{1: [1068, 0, 0, 2158, 282, 0, 6, 0, 4, 5, 0, 5, 610, 0, 2], 0: [1999, 0, 0, 1594, 281, 0, 1, 0, 1, 3, 0, 3, 527, 0, 6], 2: [2042, 0, 0, 875, 145, 0, 0, 0, 0, 1, 0, 1, 194, 0, 0]}","[384, 0, 0, 356, 76, 0, 1, 0, 1, 2, 0, 2, 98, 0, 0]","[1212, 0, 0, 1183, 176, 0, 3, 0, 1, 5, 0, 5, 320, 0, 0]","[1653, 0, 0, 1519, 215, 0, 0, 0, 0, 0, 0, 0, 434, 0, 0]","[1135, 0, 0, 1025, 157, 0, 2, 0, 2, 0, 0, 0, 316, 0, 2]","[725, 0, 0, 544, 84, 0, 1, 0, 1, 2, 0, 2, 163, 0, 6]","[1838, 1675, 7, 9, 473]",11083,83,8.416313272579627,12.736262744744202,8.594604349002978,708,22,2,15,7,0,0
84,4372,5305,7,9,5289,1406,0.580961357210179,"{1: [790, 0, 0, 2388, 276, 0, 6, 0, 4, 5, 0, 5, 658, 0, 3], 0: [1725, 0, 0, 1847, 289, 0, 1, 0, 1, 3, 0, 3, 548, 0, 6], 2: [1857, 0, 0, 1054, 186, 0, 0, 0, 0, 1, 0, 1, 200, 0, 0]}","[316, 0, 0, 421, 65, 0, 1, 0, 1, 2, 0, 2, 101, 0, 0]","[1031, 0, 0, 1341, 181, 0, 4, 0, 2, 5, 0, 5, 342, 0, 0]","[1407, 0, 0, 1734, 251, 0, 0, 0, 0, 0, 0, 0, 465, 0, 0]","[980, 0, 0, 1165, 158, 0, 1, 0, 1, 0, 0, 0, 332, 0, 3]","[638, 0, 0, 628, 96, 0, 1, 0, 1, 2, 0, 2, 166, 0, 6]","[1550, 1937, 7, 9, 499]",11083,84,8.431020481819003,12.737074799242082,8.600108273933051,751,23,2,16,8,0,0
85,3641,5971,11,9,5951,1471,0.5809747111036677,"{1: [541, 0, 0, 2600, 272, 0, 9, 0, 4, 6, 0, 6, 691, 0, 3], 0: [1443, 0, 0, 2106, 264, 0, 2, 0, 1, 2, 0, 2, 571, 0, 7], 2: [1657, 0, 0, 1245, 191, 0, 0, 0, 0, 1, 0, 1, 209, 0, 0]}","[264, 0, 0, 464, 68, 0, 2, 0, 1, 2, 0, 2, 109, 0, 0]","[840, 0, 0, 1518, 176, 0, 4, 0, 2, 5, 0, 5, 356, 0, 1]","[1181, 0, 0, 1940, 235, 0, 0, 0, 0, 0, 0, 0, 485, 0, 0]","[816, 0, 0, 1311, 155, 0, 1, 0, 1, 0, 0, 0, 350, 0, 3]","[540, 0, 0, 718, 93, 0, 4, 0, 1, 2, 0, 2, 171, 0, 6]","[1269, 2194, 10, 9, 520]",11083,85,8.409095010376252,12.767842641883966,8.528647478119643,727,24,6,20,8,0,0
86,3001,6537,16,9,6512,1545,0.5710570598133701,"{1: [375, 0, 0, 2724, 215, 0, 11, 0, 4, 6, 0, 6, 731, 0, 3], 0: [1167, 0, 0, 2355, 278, 0, 4, 0, 1, 2, 0, 2, 596, 0, 7], 2: [1459, 0, 0, 1433, 186, 0, 1, 0, 0, 1, 0, 1, 218, 0, 0]}","[222, 0, 0, 501, 40, 0, 2, 0, 1, 2, 0, 2, 114, 0, 0]","[693, 0, 0, 1647, 181, 0, 6, 0, 2, 5, 0, 5, 372, 0, 1]","[965, 0, 0, 2132, 216, 0, 1, 0, 0, 0, 0, 0, 508, 0, 0]","[684, 0, 0, 1423, 149, 0, 1, 0, 1, 0, 0, 0, 370, 0, 3]","[437, 0, 0, 809, 93, 0, 6, 0, 1, 2, 0, 2, 181, 0, 6]","[1048, 2391, 13, 9, 541]",11083,86,8.447442028331679,12.639267346386358,8.612289091401244,679,24,11,25,9,0,0
87,2461,7003,16,8,6979,1619,0.5633300014279594,"{1: [238, 0, 0, 2815, 148, 0, 11, 0, 4, 6, 0, 6, 777, 0, 3], 0: [938, 0, 0, 2567, 256, 0, 4, 0, 1, 2, 0, 2, 613, 0, 7], 2: [1285, 0, 0, 1597, 198, 0, 1, 0, 0, 0, 0, 0, 229, 0, 1]}","[179, 0, 0, 539, 45, 0, 2, 0, 1, 1, 0, 1, 120, 0, 1]","[568, 0, 0, 1755, 135, 0, 6, 0, 2, 5, 0, 5, 389, 0, 1]","[788, 0, 0, 2288, 194, 0, 1, 0, 0, 0, 0, 0, 529, 0, 0]","[572, 0, 0, 1513, 131, 0, 1, 0, 1, 0, 0, 0, 392, 0, 3]","[354, 0, 0, 884, 97, 0, 6, 0, 1, 2, 0, 2, 189, 0, 6]","[858, 2555, 13, 8, 568]",11083,87,8.460254443742668,12.83623567626094,8.529549760895064,602,24,11,27,7,0,0
88,1908,7488,17,8,7463,1687,0.5690438034188035,"{1: [157, 0, 0, 2855, 99, 0, 11, 0, 5, 6, 0, 6, 818, 0, 3], 0: [668, 0, 0, 2819, 262, 0, 5, 0, 1, 2, 0, 2, 630, 0, 7], 2: [1083, 0, 0, 1789, 174, 0, 1, 0, 0, 0, 0, 0, 239, 0, 1]}","[130, 0, 0, 583, 40, 0, 3, 0, 1, 1, 0, 1, 124, 0, 1]","[438, 0, 0, 1862, 123, 0, 6, 0, 3, 5, 0, 5, 412, 0, 1]","[618, 0, 0, 2435, 173, 0, 1, 0, 0, 0, 0, 0, 552, 0, 0]","[451, 0, 0, 1620, 113, 0, 1, 0, 1, 0, 0, 0, 406, 0, 3]","[271, 0, 0, 963, 86, 0, 6, 0, 1, 2, 0, 2, 193, 0, 6]","[657, 2727, 14, 8, 596]",11083,88,8.459713074077415,12.796986375530091,8.573851845168276,535,25,11,28,7,0,0
89,1473,7849,20,7,7822,1760,0.56898968021404,"{1: [86, 0, 0, 2892, 82, 0, 14, 0, 9, 5, 0, 5, 849, 0, 4], 0: [478, 0, 0, 2982, 231, 0, 5, 0, 2, 2, 0, 2, 657, 0, 7], 2: [909, 0, 0, 1948, 193, 0, 1, 0, 0, 0, 0, 0, 254, 0, 1]}","[99, 0, 0, 609, 45, 0, 3, 0, 2, 0, 0, 0, 130, 0, 2]","[332, 0, 0, 1943, 120, 0, 7, 0, 4, 5, 0, 5, 435, 0, 1]","[479, 0, 0, 2555, 159, 0, 2, 0, 0, 0, 0, 0, 570, 0, 0]","[354, 0, 0, 1699, 113, 0, 2, 0, 1, 0, 0, 0, 423, 0, 3]","[209, 0, 0, 1016, 69, 0, 6, 0, 4, 2, 0, 2, 202, 0, 6]","[501, 2850, 15, 7, 623]",11082,89,8.457588882873127,12.72351561090056,8.550351922035734,506,30,9,30,7,0,0
90,1128,7953,26,10,7917,2000,0.5237017477681378,"{1: [50, 0, 0, 2812, 46, 0, 20, 0, 7, 7, 0, 7, 956, 0, 6], 0: [336, 0, 0, 3027, 165, 0, 4, 0, 3, 3, 0, 3, 754, 0, 7], 2: [742, 0, 0, 2078, 161, 0, 2, 0, 1, 0, 0, 0, 290, 0, 1]}","[78, 0, 0, 608, 24, 0, 4, 0, 1, 1, 0, 1, 149, 0, 2]","[248, 0, 0, 1966, 91, 0, 9, 0, 6, 4, 0, 4, 495, 0, 2]","[355, 0, 0, 2599, 134, 0, 6, 0, 1, 0, 0, 0, 646, 0, 0]","[282, 0, 0, 1721, 72, 0, 2, 0, 0, 0, 0, 0, 473, 0, 4]","[165, 0, 0, 1023, 51, 0, 5, 0, 3, 5, 0, 5, 237, 0, 6]","[380, 2874, 17, 10, 716]",11081,90,8.406641999819511,12.696597779983756,8.518274523959931,372,35,15,43,6,0,0
91,867,7737,40,14,7683,2476,0.4238076773943389,"{1: [29, 0, 0, 2598, 28, 0, 24, 0, 5, 9, 0, 9, 1184, 0, 6], 0: [228, 0, 0, 2960, 121, 0, 8, 0, 1, 5, 0, 5, 923, 0, 7], 2: [610, 0, 0, 2125, 162, 0, 8, 0, 1, 0, 0, 0, 369, 0, 1]}","[53, 0, 0, 601, 23, 0, 6, 0, 1, 1, 0, 1, 179, 0, 2]","[190, 0, 0, 1902, 77, 0, 15, 0, 5, 5, 0, 5, 609, 0, 2]","[278, 0, 0, 2505, 95, 0, 7, 0, 0, 1, 0, 1, 815, 0, 0]","[222, 0, 0, 1666, 69, 0, 6, 0, 0, 0, 0, 0, 584, 0, 4]","[124, 0, 0, 1009, 47, 0, 6, 0, 1, 7, 0, 7, 289, 0, 6]","[284, 2809, 24, 14, 865]",11080,91,8.430595667870037,12.640794223826715,8.529693140794224,311,35,33,47,10,0,0
92,655,7479,52,14,7413,2945,0.3507153362749031,"{1: [23, 0, 0, 2356, 11, 0, 29, 0, 5, 9, 0, 9, 1427, 0, 6], 0: [153, 0, 0, 2887, 88, 0, 14, 0, 2, 5, 0, 5, 1064, 0, 7], 2: [479, 0, 0, 2170, 131, 0, 9, 0, 1, 0, 0, 0, 454, 0, 1]}","[38, 0, 0, 587, 19, 0, 6, 0, 2, 1, 0, 1, 207, 0, 2]","[145, 0, 0, 1806, 46, 0, 19, 0, 5, 5, 0, 5, 746, 0, 2]","[214, 0, 0, 2399, 70, 0, 7, 0, 0, 1, 0, 1, 985, 0, 0]","[157, 0, 0, 1633, 60, 0, 9, 0, 0, 0, 0, 0, 679, 0, 4]","[101, 0, 0, 988, 35, 0, 11, 0, 1, 7, 0, 7, 328, 0, 6]","[216, 2696, 31, 14, 1038]",11079,92,8.434967054788338,12.635707193790052,8.571983030959473,230,36,44,47,13,0,0
93,484,7220,61,14,7145,3375,0.29861495844875346,"{1: [14, 0, 0, 2150, 13, 0, 34, 0, 8, 9, 0, 9, 1637, 0, 6], 0: [97, 0, 0, 2804, 65, 0, 18, 0, 2, 5, 0, 5, 1199, 0, 7], 2: [373, 0, 0, 2191, 122, 0, 9, 0, 1, 0, 0, 0, 539, 0, 1]}","[31, 0, 0, 564, 10, 0, 9, 0, 2, 1, 0, 1, 234, 0, 2]","[103, 0, 0, 1738, 46, 0, 22, 0, 6, 5, 0, 5, 853, 0, 2]","[157, 0, 0, 2304, 65, 0, 7, 0, 1, 1, 0, 1, 1137, 0, 0]","[121, 0, 0, 1578, 53, 0, 9, 0, 1, 0, 0, 0, 770, 0, 4]","[72, 0, 0, 961, 26, 0, 14, 0, 1, 7, 0, 7, 381, 0, 6]","[156, 2601, 41, 14, 1185]",11079,93,8.429641664410145,12.687787706471703,8.527664951710443,200,39,50,47,13,0,0
94,369,6904,72,14,6818,3803,0.2620220162224797,"{1: [7, 0, 0, 1932, 6, 0, 34, 0, 16, 9, 0, 9, 1862, 0, 8], 0: [61, 0, 0, 2698, 46, 0, 22, 0, 2, 5, 0, 5, 1334, 0, 7], 2: [301, 0, 0, 2188, 88, 0, 16, 0, 2, 0, 0, 0, 607, 0, 1]}","[25, 0, 0, 541, 9, 0, 12, 0, 4, 1, 0, 1, 260, 0, 2]","[76, 0, 0, 1662, 30, 0, 21, 0, 6, 6, 0, 6, 953, 0, 3]","[125, 0, 0, 2191, 45, 0, 7, 0, 5, 1, 0, 1, 1282, 0, 0]","[90, 0, 0, 1500, 37, 0, 11, 0, 2, 0, 0, 0, 877, 0, 4]","[53, 0, 0, 924, 19, 0, 21, 0, 3, 6, 0, 6, 431, 0, 7]","[120, 2491, 54, 14, 1322]",11076,94,8.40745756590827,12.580263633080534,8.562206572769954,140,50,52,47,12,0,0
95,284,6544,84,17,6443,4247,0.23227383863080683,"{1: [3, 0, 0, 1731, 4, 0, 35, 0, 20, 11, 0, 11, 2064, 0, 8], 0: [43, 0, 0, 2563, 26, 0, 28, 0, 8, 5, 0, 5, 1481, 0, 7], 2: [238, 0, 0, 2149, 60, 0, 21, 0, 7, 1, 0, 1, 702, 0, 1]}","[16, 0, 0, 512, 7, 0, 11, 0, 5, 2, 0, 2, 297, 0, 2]","[63, 0, 0, 1549, 16, 0, 24, 0, 12, 7, 0, 7, 1075, 0, 3]","[101, 0, 0, 2076, 24, 0, 8, 0, 6, 2, 0, 2, 1419, 0, 0]","[66, 0, 0, 1421, 23, 0, 14, 0, 6, 0, 0, 0, 977, 0, 4]","[38, 0, 0, 885, 20, 0, 27, 0, 6, 6, 0, 6, 479, 0, 7]","[95, 2345, 67, 17, 1483]",11075,95,8.405056433408578,12.644063205417607,8.517562076749435,90,68,49,47,12,0,0
96,220,6048,105,23,5920,4803,0.20552248677248677,"{1: [1, 0, 0, 1474, 2, 0, 41, 0, 21, 13, 0, 13, 2313, 0, 10], 0: [23, 0, 0, 2381, 19, 0, 42, 0, 13, 6, 0, 6, 1666, 0, 7], 2: [196, 0, 0, 2065, 57, 0, 22, 0, 5, 4, 0, 4, 824, 0, 1]}","[14, 0, 0, 464, 5, 0, 20, 0, 4, 3, 0, 3, 334, 0, 2]","[53, 0, 0, 1409, 15, 0, 26, 0, 10, 12, 0, 12, 1218, 0, 4]","[72, 0, 0, 1913, 26, 0, 9, 0, 6, 2, 0, 2, 1610, 0, 0]","[50, 0, 0, 1313, 22, 0, 18, 0, 9, 0, 0, 0, 1097, 0, 4]","[31, 0, 0, 821, 10, 0, 32, 0, 10, 6, 0, 6, 544, 0, 8]","[82, 2140, 84, 23, 1680]",11071,96,8.4226357149309,12.626050040646735,8.519826573931894,78,80,66,47,14,0,0
97,169,5420,109,29,5282,5481,0.18247232472324723,"{1: [0, 0, 0, 1199, 3, 0, 42, 0, 22, 14, 0, 14, 2586, 0, 13], 0: [15, 0, 0, 2120, 11, 0, 42, 0, 12, 11, 0, 11, 1930, 0, 7], 2: [154, 0, 0, 1963, 32, 0, 25, 0, 5, 4, 0, 4, 965, 0, 1]}","[11, 0, 0, 398, 3, 0, 24, 0, 6, 3, 0, 3, 398, 0, 3]","[41, 0, 0, 1249, 9, 0, 26, 0, 9, 14, 0, 14, 1388, 0, 6]","[56, 0, 0, 1715, 18, 0, 9, 0, 6, 2, 0, 2, 1824, 0, 0]","[37, 0, 0, 1172, 10, 0, 19, 0, 9, 0, 0, 0, 1250, 0, 4]","[24, 0, 0, 748, 6, 0, 31, 0, 9, 10, 0, 10, 621, 0, 8]","[66, 1887, 87, 29, 1940]",11070,97,8.399457994579945,12.680126467931347,8.52710027100271,46,89,70,47,14,0,0
98,126,4725,128,31,4566,6219,0.16317460317460317,"{1: [0, 0, 0, 922, 0, 0, 47, 0, 22, 15, 0, 15, 2857, 0, 14], 0: [10, 0, 0, 1831, 5, 0, 51, 0, 15, 12, 0, 12, 2214, 0, 7], 2: [116, 0, 0, 1813, 47, 0, 30, 0, 12, 4, 0, 4, 1148, 0, 1]}","[7, 0, 0, 340, 1, 0, 26, 0, 8, 4, 0, 4, 457, 0, 3]","[28, 0, 0, 1080, 13, 0, 29, 0, 8, 16, 0, 16, 1565, 0, 6]","[42, 0, 0, 1475, 20, 0, 12, 0, 6, 2, 0, 2, 2075, 0, 0]","[28, 0, 0, 1017, 12, 0, 26, 0, 11, 0, 0, 0, 1407, 0, 4]","[21, 0, 0, 654, 6, 0, 35, 0, 16, 9, 0, 9, 715, 0, 9]","[47, 1627, 100, 31, 2209]",11070,98,8.38654019873532,12.730894308943089,8.528184281842819,52,102,79,47,14,0,0
99,103,4040,144,34,3862,6926,0.14777227722772276,"{1: [0, 0, 0, 648, 0, 0, 54, 0, 24, 15, 0, 15, 3123, 0, 15], 0: [9, 0, 0, 1570, 4, 0, 58, 0, 20, 12, 0, 12, 2469, 0, 8], 2: [94, 0, 0, 1644, 28, 0, 32, 0, 15, 7, 0, 7, 1334, 0, 1]}","[6, 0, 0, 272, 4, 0, 28, 0, 6, 6, 0, 6, 522, 0, 3]","[25, 0, 0, 905, 8, 0, 34, 0, 11, 16, 0, 16, 1737, 0, 7]","[32, 0, 0, 1250, 9, 0, 14, 0, 7, 2, 0, 2, 2308, 0, 1]","[23, 0, 0, 869, 8, 0, 31, 0, 14, 0, 0, 0, 1555, 0, 4]","[17, 0, 0, 566, 3, 0, 37, 0, 21, 10, 0, 10, 804, 0, 9]","[39, 1347, 112, 34, 2487]",11069,99,8.34203631764387,12.76348360285482,8.435631041647845,32,117,85,47,14,0,0
100,87,3395,157,39,3199,7585,0.14432989690721648,"{1: [0, 0, 0, 433, 0, 0, 60, 0, 32, 16, 0, 16, 3330, 0, 16], 0: [7, 0, 0, 1294, 1, 0, 64, 0, 33, 13, 0, 13, 2740, 0, 9], 2: [80, 0, 0, 1472, 15, 0, 33, 0, 16, 10, 0, 10, 1515, 0, 1]}","[5, 0, 0, 232, 1, 0, 33, 0, 16, 6, 0, 6, 558, 0, 3]","[22, 0, 0, 728, 5, 0, 36, 0, 16, 18, 0, 18, 1912, 0, 8]","[28, 0, 0, 1040, 5, 0, 15, 0, 8, 2, 0, 2, 2521, 0, 1]","[21, 0, 0, 725, 3, 0, 33, 0, 18, 0, 0, 0, 1699, 0, 4]","[11, 0, 0, 474, 2, 0, 40, 0, 23, 13, 0, 13, 895, 0, 10]","[31, 1105, 128, 39, 2723]",11067,100,8.334056203126412,12.680943345079967,8.476913345983554,16,146,76,47,14,0,0
101,77,2823,155,53,2615,8167,0.12964930924548354,"{1: [0, 0, 0, 290, 0, 0, 59, 0, 32, 21, 0, 21, 3469, 0, 16], 0: [6, 0, 0, 1041, 2, 0, 61, 0, 29, 21, 0, 21, 2989, 0, 10], 2: [71, 0, 0, 1284, 16, 0, 35, 0, 17, 11, 0, 11, 1709, 0, 2]}","[4, 0, 0, 191, 2, 0, 30, 0, 16, 11, 0, 11, 598, 0, 3]","[18, 0, 0, 600, 4, 0, 32, 0, 13, 25, 0, 25, 2041, 0, 8]","[25, 0, 0, 849, 5, 0, 16, 0, 8, 2, 0, 2, 2714, 0, 1]","[20, 0, 0, 594, 1, 0, 36, 0, 19, 0, 0, 0, 1828, 0, 4]","[10, 0, 0, 381, 6, 0, 41, 0, 22, 15, 0, 15, 986, 0, 12]","[25, 911, 122, 53, 2917]",11067,101,8.35465799222915,12.586337760910816,8.493810427396765,18,159,77,47,11,0,0
102,62,2315,166,62,2087,8689,0.13736501079913607,"{1: [0, 0, 0, 191, 0, 0, 58, 0, 34, 25, 0, 25, 3565, 0, 17], 0: [5, 0, 0, 776, 1, 0, 69, 0, 37, 23, 0, 23, 3245, 0, 10], 2: [57, 0, 0, 1120, 9, 0, 39, 0, 19, 14, 0, 14, 1879, 0, 2]}","[3, 0, 0, 149, 0, 0, 30, 0, 15, 15, 0, 15, 636, 0, 3]","[13, 0, 0, 484, 2, 0, 29, 0, 14, 28, 0, 28, 2162, 0, 9]","[20, 0, 0, 680, 6, 0, 18, 0, 11, 2, 0, 2, 2886, 0, 1]","[18, 0, 0, 482, 1, 0, 40, 0, 26, 0, 0, 0, 1938, 0, 4]","[8, 0, 0, 292, 1, 0, 49, 0, 24, 17, 0, 17, 1067, 0, 12]","[19, 729, 129, 62, 3099]",11066,102,8.39228266763058,12.681637448039039,8.502530272908006,10,181,76,47,11,0,0
103,51,1841,167,73,1601,9174,0.15535035306898426,"{1: [0, 0, 0, 110, 0, 0, 59, 0, 40, 26, 0, 26, 3644, 0, 18], 0: [5, 0, 0, 549, 1, 0, 69, 0, 39, 29, 0, 29, 3466, 0, 10], 2: [46, 0, 0, 942, 11, 0, 39, 0, 20, 18, 0, 18, 2064, 0, 2]}","[3, 0, 0, 107, 1, 0, 30, 0, 17, 17, 0, 17, 676, 0, 3]","[11, 0, 0, 366, 5, 0, 25, 0, 15, 33, 0, 33, 2281, 0, 9]","[17, 0, 0, 526, 1, 0, 18, 0, 14, 2, 0, 2, 3043, 0, 1]","[13, 0, 0, 373, 3, 0, 42, 0, 28, 2, 0, 2, 2048, 0, 5]","[7, 0, 0, 229, 2, 0, 52, 0, 25, 19, 0, 19, 1126, 0, 12]","[16, 550, 132, 73, 3277]",11066,103,8.29983733959877,12.566148563166456,8.374570757274535,12,202,68,47,14,0,0
104,47,1480,162,81,1237,9539,0.1608108108108108,"{1: [0, 0, 0, 67, 0, 0, 54, 0, 43, 29, 0, 29, 3689, 0, 20], 0: [5, 0, 0, 386, 0, 0, 70, 0, 44, 31, 0, 31, 3626, 0, 11], 2: [42, 0, 0, 784, 7, 0, 38, 0, 18, 21, 0, 21, 2224, 0, 5]}","[3, 0, 0, 83, 0, 0, 29, 0, 19, 20, 0, 20, 698, 0, 3]","[10, 0, 0, 276, 0, 0, 21, 0, 15, 36, 0, 36, 2373, 0, 11]","[15, 0, 0, 394, 3, 0, 17, 0, 14, 1, 0, 1, 3179, 0, 3]","[12, 0, 0, 306, 4, 0, 43, 0, 30, 2, 0, 2, 2115, 0, 5]","[7, 0, 0, 178, 0, 0, 52, 0, 27, 22, 0, 22, 1174, 0, 14]","[15, 415, 129, 81, 3414]",11066,104,8.362100126513646,12.552322429061991,8.44180372311585,7,222,57,47,14,0,0
105,44,1172,160,85,927,9850,0.17235494880546076,"{1: [0, 0, 0, 39, 0, 0, 49, 0, 42, 31, 0, 31, 3720, 0, 23], 0: [5, 0, 0, 267, 0, 0, 66, 0, 44, 33, 0, 33, 3747, 0, 15], 2: [39, 0, 0, 621, 6, 0, 45, 0, 20, 21, 0, 21, 2383, 0, 7]}","[2, 0, 0, 59, 1, 0, 30, 0, 18, 22, 0, 22, 720, 0, 4]","[9, 0, 0, 199, 2, 0, 18, 0, 13, 37, 0, 37, 2453, 0, 15]","[14, 0, 0, 300, 2, 0, 17, 0, 15, 1, 0, 1, 3274, 0, 3]","[12, 0, 0, 236, 1, 0, 45, 0, 33, 2, 0, 2, 2183, 0, 5]","[7, 0, 0, 133, 0, 0, 50, 0, 27, 23, 0, 23, 1220, 0, 18]","[13, 304, 129, 85, 3529]",11066,105,8.307608892101934,12.60771733236942,8.399692752575456,6,236,54,47,13,0,0
106,40,947,158,84,705,10078,0.18796198521647306,"{1: [0, 0, 0, 28, 0, 0, 46, 0, 43, 30, 0, 30, 3735, 0, 27], 0: [3, 0, 0, 178, 1, 0, 67, 0, 51, 32, 0, 32, 3837, 0, 19], 2: [37, 0, 0, 499, 2, 0, 45, 0, 25, 22, 0, 22, 2506, 0, 8]}","[2, 0, 0, 44, 0, 0, 29, 0, 21, 22, 0, 22, 736, 0, 5]","[9, 0, 0, 152, 0, 0, 17, 0, 11, 36, 0, 36, 2501, 0, 19]","[13, 0, 0, 230, 1, 0, 17, 0, 16, 1, 0, 1, 3345, 0, 4]","[10, 0, 0, 178, 2, 0, 47, 0, 37, 2, 0, 2, 2241, 0, 5]","[6, 0, 0, 101, 0, 0, 48, 0, 34, 23, 0, 23, 1255, 0, 21]","[13, 229, 138, 84, 3610]",11065,106,8.325711703569814,12.513872571170356,8.46516041572526,3,257,39,47,13,0,0
107,37,753,150,90,513,10275,0.22310756972111553,"{1: [0, 0, 0, 15, 0, 0, 43, 0, 43, 30, 0, 30, 3751, 0, 30], 0: [3, 0, 0, 118, 1, 0, 62, 0, 52, 36, 0, 36, 3898, 0, 20], 2: [34, 0, 0, 380, 1, 0, 45, 0, 27, 24, 0, 24, 2626, 0, 8]}","[2, 0, 0, 33, 0, 0, 27, 0, 20, 24, 0, 24, 747, 0, 6]","[8, 0, 0, 110, 0, 0, 16, 0, 11, 37, 0, 37, 2544, 0, 19]","[12, 0, 0, 167, 1, 0, 17, 0, 16, 0, 0, 0, 3410, 0, 5]","[10, 0, 0, 127, 0, 0, 45, 0, 40, 3, 0, 3, 2293, 0, 6]","[5, 0, 0, 76, 1, 0, 45, 0, 35, 26, 0, 26, 1281, 0, 22]","[12, 166, 137, 90, 3677]",11065,107,8.348124717577948,12.515951197469498,8.408947130591956,2,270,28,47,14,0,0
108,35,606,141,91,374,10424,0.25742574257425743,"{1: [0, 0, 0, 9, 0, 0, 38, 0, 38, 30, 0, 30, 3762, 0, 35], 0: [3, 0, 0, 71, 0, 0, 61, 0, 54, 36, 0, 36, 3946, 0, 22], 2: [32, 0, 0, 294, 4, 0, 42, 0, 27, 25, 0, 25, 2716, 0, 12]}","[2, 0, 0, 25, 0, 0, 26, 0, 21, 24, 0, 24, 756, 0, 7]","[8, 0, 0, 80, 1, 0, 13, 0, 9, 37, 0, 37, 2577, 0, 22]","[12, 0, 0, 121, 1, 0, 18, 0, 16, 0, 0, 0, 3455, 0, 5]","[9, 0, 0, 91, 0, 0, 44, 0, 40, 3, 0, 3, 2331, 0, 7]","[4, 0, 0, 57, 2, 0, 40, 0, 33, 27, 0, 27, 1305, 0, 28]","[11, 125, 129, 91, 3730]",11065,108,8.306732941708088,12.437957523723453,8.423678264798916,4,279,22,47,14,0,0
109,32,511,135,87,289,10522,0.2857142857142857,"{1: [0, 0, 0, 5, 0, 0, 37, 0, 37, 27, 0, 27, 3770, 0, 39], 0: [3, 0, 0, 46, 0, 0, 56, 0, 51, 35, 0, 35, 3977, 0, 28], 2: [29, 0, 0, 238, 3, 0, 42, 0, 35, 25, 0, 25, 2775, 0, 13]}","[2, 0, 0, 18, 0, 0, 25, 0, 24, 22, 0, 22, 766, 0, 10]","[6, 0, 0, 66, 1, 0, 11, 0, 9, 34, 0, 34, 2598, 0, 27]","[12, 0, 0, 98, 0, 0, 17, 0, 15, 0, 0, 0, 3479, 0, 6]","[8, 0, 0, 69, 2, 0, 42, 0, 40, 3, 0, 3, 2356, 0, 9]","[4, 0, 0, 38, 0, 0, 40, 0, 35, 28, 0, 28, 1323, 0, 28]","[9, 100, 126, 87, 3768]",11065,109,8.285675553547222,12.424401265250792,8.447175779484862,3,290,12,47,14,0,0
110,31,423,127,83,213,10611,0.2978723404255319,"{1: [0, 0, 0, 3, 0, 0, 33, 0, 33, 24, 0, 24, 3779, 0, 46], 0: [3, 0, 0, 27, 0, 0, 54, 0, 53, 35, 0, 35, 3998, 0, 30], 2: [28, 0, 0, 183, 1, 0, 40, 0, 35, 24, 0, 24, 2834, 0, 16]}","[2, 0, 0, 13, 0, 0, 20, 0, 19, 22, 0, 22, 776, 0, 15]","[6, 0, 0, 51, 1, 0, 10, 0, 10, 33, 0, 33, 2615, 0, 29]","[12, 0, 0, 72, 0, 0, 17, 0, 16, 0, 0, 0, 3505, 0, 6]","[7, 0, 0, 48, 0, 0, 40, 0, 40, 2, 0, 2, 2381, 0, 12]","[4, 0, 0, 29, 0, 0, 40, 0, 36, 26, 0, 26, 1334, 0, 30]","[9, 79, 122, 83, 3801]",11065,110,8.308088567555355,12.503027564392228,8.452598282873927,1,296,6,47,14,0,0
111,29,368,121,78,169,10668,0.3125,"{1: [0, 0, 0, 0, 0, 0, 33, 0, 33, 23, 0, 23, 3783, 0, 47], 0: [3, 0, 0, 16, 0, 0, 49, 0, 48, 30, 0, 30, 4019, 0, 40], 2: [26, 0, 0, 153, 2, 0, 39, 0, 36, 25, 0, 25, 2866, 0, 16]}","[2, 0, 0, 10, 0, 0, 19, 0, 19, 20, 0, 20, 782, 0, 18]","[6, 0, 0, 42, 0, 0, 9, 0, 9, 32, 0, 32, 2626, 0, 31]","[12, 0, 0, 54, 0, 0, 15, 0, 14, 0, 0, 0, 3525, 0, 8]","[5, 0, 0, 40, 2, 0, 39, 0, 39, 2, 0, 2, 2392, 0, 13]","[4, 0, 0, 23, 0, 0, 39, 0, 36, 24, 0, 24, 1343, 0, 33]","[9, 66, 117, 78, 3825]",11065,111,8.278626299141436,12.436059647537279,8.456665160415726,2,298,4,47,14,0,0
112,28,306,116,72,118,10731,0.3660130718954248,"{1: [0, 0, 0, 0, 0, 0, 31, 0, 31, 19, 0, 19, 3789, 0, 53], 0: [3, 0, 0, 11, 0, 0, 49, 0, 49, 28, 0, 28, 4026, 0, 42], 2: [25, 0, 0, 107, 2, 0, 36, 0, 35, 25, 0, 25, 2916, 0, 19]}","[2, 0, 0, 9, 0, 0, 18, 0, 18, 19, 0, 19, 785, 0, 20]","[5, 0, 0, 30, 1, 0, 8, 0, 8, 28, 0, 28, 2644, 0, 36]","[12, 0, 0, 34, 0, 0, 15, 0, 15, 0, 0, 0, 3545, 0, 8]","[5, 0, 0, 28, 1, 0, 38, 0, 38, 2, 0, 2, 2405, 0, 14]","[4, 0, 0, 17, 0, 0, 37, 0, 36, 23, 0, 23, 1352, 0, 36]","[8, 49, 115, 72, 3854]",11065,112,8.349751468594668,12.56104835065522,8.45286940804338,2,301,1,47,14,0,0
113,28,257,104,67,86,10780,0.40077821011673154,"{1: [0, 0, 0, 0, 0, 0, 27, 0, 27, 18, 0, 18, 3794, 0, 58], 0: [3, 0, 0, 7, 0, 0, 44, 0, 44, 27, 0, 27, 4036, 0, 48], 2: [25, 0, 0, 79, 0, 0, 33, 0, 33, 22, 0, 22, 2950, 0, 25]}","[2, 0, 0, 5, 0, 0, 15, 0, 15, 18, 0, 18, 793, 0, 24]","[5, 0, 0, 22, 0, 0, 6, 0, 6, 23, 0, 23, 2659, 0, 43]","[12, 0, 0, 25, 0, 0, 12, 0, 12, 1, 0, 1, 3556, 0, 10]","[5, 0, 0, 20, 0, 0, 35, 0, 35, 2, 0, 2, 2416, 0, 17]","[4, 0, 0, 14, 0, 0, 36, 0, 36, 23, 0, 23, 1356, 0, 37]","[8, 35, 104, 67, 3885]",11065,113,8.296972435607772,12.457930411206506,8.433077270673294,0,302,0,47,14,0,0
114,28,225,95,61,69,10812,0.36444444444444446,"{1: [0, 0, 0, 0, 0, 0, 24, 0, 24, 16, 0, 16, 3799, 0, 63], 0: [3, 0, 0, 6, 0, 0, 41, 0, 41, 26, 0, 26, 4041, 0, 52], 2: [25, 0, 0, 63, 0, 0, 30, 0, 29, 19, 0, 19, 2972, 0, 32]}","[2, 0, 0, 4, 0, 0, 13, 0, 13, 16, 0, 16, 798, 0, 28]","[5, 0, 0, 17, 0, 0, 5, 0, 5, 19, 0, 19, 2669, 0, 48]","[12, 0, 0, 20, 0, 0, 12, 0, 12, 1, 0, 1, 3561, 0, 10]","[5, 0, 0, 17, 0, 0, 30, 0, 30, 2, 0, 2, 2424, 0, 22]","[4, 0, 0, 11, 0, 0, 35, 0, 34, 23, 0, 23, 1360, 0, 39]","[8, 26, 95, 61, 3909]",11065,114,8.33727971079982,12.522729326705829,8.45368278355174,0,302,1,47,14,0,0
115,28,196,85,59,52,10841,0.37755102040816324,"{1: [0, 0, 0, 0, 0, 0, 22, 0, 22, 16, 0, 16, 3801, 0, 65], 0: [3, 0, 0, 4, 0, 0, 35, 0, 35, 25, 0, 25, 4050, 0, 59], 2: [25, 0, 0, 48, 0, 0, 28, 0, 27, 18, 0, 18, 2990, 0, 35]}","[2, 0, 0, 2, 0, 0, 11, 0, 11, 16, 0, 16, 802, 0, 30]","[5, 0, 0, 13, 0, 0, 4, 0, 4, 18, 0, 18, 2675, 0, 50]","[12, 0, 0, 15, 0, 0, 11, 0, 11, 1, 0, 1, 3567, 0, 11]","[5, 0, 0, 16, 0, 0, 27, 0, 27, 2, 0, 2, 2428, 0, 25]","[4, 0, 0, 6, 0, 0, 32, 0, 31, 22, 0, 22, 1369, 0, 43]","[8, 17, 85, 59, 3930]",11065,115,8.354541346588341,12.62458201536376,8.45657478535924,0,302,1,47,14,0,0
116,28,173,77,54,42,10864,0.3352601156069364,"{1: [0, 0, 0, 0, 0, 0, 17, 0, 17, 13, 0, 13, 3809, 0, 73], 0: [3, 0, 0, 3, 0, 0, 32, 0, 32, 23, 0, 23, 4056, 0, 64], 2: [25, 0, 0, 39, 0, 0, 28, 0, 27, 18, 0, 18, 2999, 0, 35]}","[2, 0, 0, 2, 0, 0, 10, 0, 10, 13, 0, 13, 806, 0, 34]","[5, 0, 0, 11, 0, 0, 4, 0, 4, 16, 0, 16, 2679, 0, 52]","[12, 0, 0, 9, 0, 0, 10, 0, 10, 1, 0, 1, 3574, 0, 12]","[5, 0, 0, 15, 0, 0, 25, 0, 25, 2, 0, 2, 2431, 0, 27]","[4, 0, 0, 5, 0, 0, 28, 0, 27, 22, 0, 22, 1374, 0, 47]","[8, 15, 77, 54, 3945]",11065,116,8.325892453682783,12.52028920018075,8.439042024401266,0,302,1,47,13,0,0
117,28,153,70,53,30,10884,0.27450980392156865,"{1: [0, 0, 0, 0, 0, 0, 14, 0, 14, 13, 0, 13, 3812, 0, 76], 0: [3, 0, 0, 2, 0, 0, 28, 0, 28, 22, 0, 22, 4062, 0, 69], 2: [25, 0, 0, 28, 0, 0, 28, 0, 27, 18, 0, 18, 3010, 0, 35]}","[2, 0, 0, 1, 0, 0, 9, 0, 9, 13, 0, 13, 808, 0, 35]","[5, 0, 0, 6, 0, 0, 4, 0, 4, 15, 0, 15, 2685, 0, 53]","[12, 0, 0, 8, 0, 0, 9, 0, 9, 1, 0, 1, 3576, 0, 13]","[5, 0, 0, 12, 0, 0, 22, 0, 22, 2, 0, 2, 2437, 0, 30]","[4, 0, 0, 3, 0, 0, 26, 0, 25, 22, 0, 22, 1378, 0, 49]","[8, 8, 70, 53, 3960]",11065,117,8.276095797559874,12.601988251242657,8.449254405784004,0,302,1,47,13,0,0
118,27,133,60,49,24,10905,0.2781954887218045,"{1: [0, 0, 0, 0, 0, 0, 13, 0, 13, 12, 0, 12, 3814, 0, 78], 0: [3, 0, 0, 2, 0, 0, 20, 0, 20, 21, 0, 21, 4071, 0, 78], 2: [24, 0, 0, 22, 1, 0, 27, 0, 27, 16, 0, 16, 3020, 0, 38]}","[2, 0, 0, 1, 0, 0, 7, 0, 7, 12, 0, 12, 811, 0, 38]","[5, 0, 0, 6, 0, 0, 4, 0, 4, 13, 0, 13, 2687, 0, 55]","[11, 0, 0, 6, 1, 0, 8, 0, 8, 1, 0, 1, 3580, 0, 14]","[5, 0, 0, 8, 0, 0, 19, 0, 19, 2, 0, 2, 2444, 0, 33]","[4, 0, 0, 3, 0, 0, 22, 0, 22, 21, 0, 21, 1383, 0, 54]","[8, 8, 60, 49, 3974]",11065,118,8.29489380930863,12.500677812923634,8.458563036601898,1,303,0,47,13,0,0
119,27,115,51,46,18,10923,0.25217391304347825,"{1: [0, 0, 0, 0, 0, 0, 12, 0, 12, 11, 0, 11, 3816, 0, 80], 0: [3, 0, 0, 2, 0, 0, 16, 0, 16, 21, 0, 21, 4075, 0, 82], 2: [24, 0, 0, 16, 0, 0, 23, 0, 23, 14, 0, 14, 3032, 0, 44]}","[2, 0, 0, 0, 0, 0, 7, 0, 7, 9, 0, 9, 815, 0, 41]","[5, 0, 0, 4, 0, 0, 4, 0, 4, 12, 0, 12, 2690, 0, 56]","[11, 0, 0, 4, 0, 0, 6, 0, 6, 1, 0, 1, 3584, 0, 16]","[5, 0, 0, 7, 0, 0, 17, 0, 17, 2, 0, 2, 2447, 0, 35]","[4, 0, 0, 3, 0, 0, 17, 0, 17, 22, 0, 22, 1387, 0, 58]","[8, 5, 51, 46, 3989]",11065,119,8.355987347492093,12.489380930863081,8.45901491188432,0,303,0,47,14,0,0
120,27,100,44,41,15,10938,0.28,"{1: [0, 0, 0, 0, 0, 0, 8, 0, 8, 9, 0, 9, 3822, 0, 86], 0: [3, 0, 0, 1, 0, 0, 15, 0, 15, 19, 0, 19, 4079, 0, 85], 2: [24, 0, 0, 14, 0, 0, 21, 0, 21, 13, 0, 13, 3037, 0, 47]}","[2, 0, 0, 0, 0, 0, 5, 0, 5, 8, 0, 8, 818, 0, 44]","[5, 0, 0, 4, 0, 0, 3, 0, 3, 11, 0, 11, 2692, 0, 58]","[11, 0, 0, 3, 0, 0, 5, 0, 5, 1, 0, 1, 3586, 0, 17]","[5, 0, 0, 5, 0, 0, 15, 0, 15, 2, 0, 2, 2451, 0, 37]","[4, 0, 0, 3, 0, 0, 16, 0, 16, 19, 0, 19, 1391, 0, 62]","[8, 5, 44, 41, 4001]",11065,120,8.313149570718481,12.468323542702214,8.430366018978761,0,303,0,47,14,0,0
121,27,87,41,34,12,10951,0.26436781609195403,"{1: [0, 0, 0, 0, 0, 0, 6, 0, 6, 8, 0, 8, 3825, 0, 89], 0: [3, 0, 0, 0, 0, 0, 15, 0, 15, 13, 0, 13, 4086, 0, 91], 2: [24, 0, 0, 12, 0, 0, 20, 0, 19, 13, 0, 13, 3040, 0, 49]}","[2, 0, 0, 0, 0, 0, 5, 0, 5, 7, 0, 7, 819, 0, 45]","[5, 0, 0, 4, 0, 0, 3, 0, 3, 7, 0, 7, 2696, 0, 62]","[11, 0, 0, 2, 0, 0, 5, 0, 5, 1, 0, 1, 3587, 0, 17]","[5, 0, 0, 5, 0, 0, 14, 0, 14, 2, 0, 2, 2452, 0, 38]","[4, 0, 0, 1, 0, 0, 14, 0, 13, 17, 0, 17, 1397, 0, 67]","[8, 4, 41, 34, 4012]",11065,121,8.335381834613647,12.461816538635336,8.503569814731135,0,303,1,47,14,0,0
122,27,71,36,26,9,10967,0.29577464788732394,"{1: [0, 0, 0, 0, 0, 0, 4, 0, 4, 7, 0, 7, 3828, 0, 92], 0: [3, 0, 0, 0, 0, 0, 13, 0, 13, 8, 0, 8, 4093, 0, 98], 2: [24, 0, 0, 9, 0, 0, 19, 0, 18, 11, 0, 11, 3046, 0, 52]}","[2, 0, 0, 0, 0, 0, 5, 0, 5, 6, 0, 6, 820, 0, 46]","[5, 0, 0, 3, 0, 0, 2, 0, 2, 4, 0, 4, 2701, 0, 66]","[11, 0, 0, 1, 0, 0, 4, 0, 4, 1, 0, 1, 3589, 0, 18]","[5, 0, 0, 5, 0, 0, 13, 0, 13, 2, 0, 2, 2453, 0, 39]","[4, 0, 0, 0, 0, 0, 12, 0, 11, 13, 0, 13, 1404, 0, 73]","[8, 3, 36, 26, 4026]",11065,122,8.269317668323543,12.525982828739268,8.380840488025305,0,303,1,47,14,0,0
123,27,60,33,21,6,10978,0.25,"{1: [0, 0, 0, 0, 0, 0, 3, 0, 3, 5, 0, 5, 3831, 0, 95], 0: [3, 0, 0, 0, 0, 0, 13, 0, 13, 8, 0, 8, 4093, 0, 98], 2: [24, 0, 0, 6, 0, 0, 17, 0, 16, 8, 0, 8, 3054, 0, 57]}","[2, 0, 0, 0, 0, 0, 5, 0, 5, 4, 0, 4, 822, 0, 48]","[5, 0, 0, 2, 0, 0, 2, 0, 2, 2, 0, 2, 2704, 0, 68]","[11, 0, 0, 1, 0, 0, 4, 0, 4, 1, 0, 1, 3589, 0, 18]","[5, 0, 0, 3, 0, 0, 11, 0, 11, 2, 0, 2, 2457, 0, 41]","[4, 0, 0, 0, 0, 0, 11, 0, 10, 12, 0, 12, 1406, 0, 75]","[8, 2, 33, 21, 4035]",11065,123,8.332309082693177,12.54243108901943,8.447808404880252,0,303,1,47,14,0,0
124,27,53,30,18,5,10985,0.22641509433962265,"{1: [0, 0, 0, 0, 0, 0, 2, 0, 2, 4, 0, 4, 3833, 0, 97], 0: [3, 0, 0, 0, 0, 0, 11, 0, 11, 7, 0, 7, 4096, 0, 101], 2: [24, 0, 0, 5, 0, 0, 17, 0, 16, 7, 0, 7, 3056, 0, 58]}","[2, 0, 0, 0, 0, 0, 5, 0, 5, 3, 0, 3, 823, 0, 49]","[5, 0, 0, 1, 0, 0, 1, 0, 1, 2, 0, 2, 2706, 0, 69]","[11, 0, 0, 1, 0, 0, 4, 0, 4, 1, 0, 1, 3589, 0, 18]","[5, 0, 0, 3, 0, 0, 9, 0, 9, 1, 0, 1, 2460, 0, 44]","[4, 0, 0, 0, 0, 0, 11, 0, 10, 11, 0, 11, 1407, 0, 76]","[8, 1, 30, 18, 4042]",11065,124,8.274559421599639,12.462991414369634,8.40822413014008,0,303,1,47,14,0,0
125,27,41,24,14,3,10997,0.21951219512195122,"{1: [0, 0, 0, 0, 0, 0, 2, 0, 2, 3, 0, 3, 3834, 0, 98], 0: [3, 0, 0, 0, 0, 0, 9, 0, 9, 5, 0, 5, 4100, 0, 105], 2: [24, 0, 0, 3, 0, 0, 13, 0, 13, 6, 0, 6, 3063, 0, 63]}","[2, 0, 0, 0, 0, 0, 3, 0, 3, 3, 0, 3, 825, 0, 51]","[5, 0, 0, 1, 0, 0, 1, 0, 1, 1, 0, 1, 2707, 0, 70]","[11, 0, 0, 1, 0, 0, 3, 0, 3, 1, 0, 1, 3590, 0, 19]","[5, 0, 0, 1, 0, 0, 6, 0, 6, 1, 0, 1, 2465, 0, 47]","[4, 0, 0, 0, 0, 0, 11, 0, 11, 8, 0, 8, 1410, 0, 79]","[8, 1, 24, 14, 4052]",11065,125,8.353908721192951,12.59611387257117,8.49344780840488,0,304,0,47,14,0,0
126,27,34,22,11,1,11004,0.2647058823529412,"{1: [0, 0, 0, 0, 0, 0, 1, 0, 1, 2, 0, 2, 3836, 0, 100], 0: [3, 0, 0, 0, 0, 0, 8, 0, 8, 4, 0, 4, 4102, 0, 107], 2: [24, 0, 0, 1, 0, 0, 13, 0, 13, 5, 0, 5, 3066, 0, 64]}","[2, 0, 0, 0, 0, 0, 3, 0, 3, 3, 0, 3, 825, 0, 51]","[5, 0, 0, 0, 0, 0, 1, 0, 1, 1, 0, 1, 2708, 0, 70]","[11, 0, 0, 1, 0, 0, 3, 0, 3, 1, 0, 1, 3590, 0, 19]","[5, 0, 0, 0, 0, 0, 4, 0, 4, 1, 0, 1, 2468, 0, 49]","[4, 0, 0, 0, 0, 0, 11, 0, 11, 5, 0, 5, 1413, 0, 82]","[8, 0, 22, 11, 4058]",11065,126,8.326344328965206,12.426751016719386,8.507184816990511,0,304,0,47,14,0,0
127,27,26,16,9,1,11012,0.23076923076923078,"{1: [0, 0, 0, 0, 0, 0, 0, 0, 0, 2, 0, 2, 3837, 0, 101], 0: [3, 0, 0, 0, 0, 0, 5, 0, 5, 3, 0, 3, 4106, 0, 111], 2: [24, 0, 0, 1, 0, 0, 11, 0, 11, 4, 0, 4, 3069, 0, 67]}","[2, 0, 0, 0, 0, 0, 1, 0, 1, 2, 0, 2, 828, 0, 54]","[5, 0, 0, 0, 0, 0, 1, 0, 1, 1, 0, 1, 2708, 0, 70]","[11, 0, 0, 1, 0, 0, 0, 0, 0, 1, 0, 1, 3593, 0, 22]","[5, 0, 0, 0, 0, 0, 4, 0, 4, 1, 0, 1, 2468, 0, 49]","[4, 0, 0, 0, 0, 0, 10, 0, 10, 4, 0, 4, 1415, 0, 84]","[8, 0, 16, 9, 4066]",11065,127,8.306732941708088,12.41455038409399,8.443651152281971,0,304,0,47,14,0,0
128,27,23,14,8,1,11015,0.2608695652173913,"{1: [0, 0, 0, 0, 0, 0, 0, 0, 0, 2, 0, 2, 3837, 0, 101], 0: [3, 0, 0, 0, 0, 0, 4, 0, 4, 2, 0, 2, 4108, 0, 113], 2: [24, 0, 0, 1, 0, 0, 10, 0, 10, 4, 0, 4, 3070, 0, 68]}","[2, 0, 0, 0, 0, 0, 1, 0, 1, 1, 0, 1, 829, 0, 55]","[5, 0, 0, 0, 0, 0, 1, 0, 1, 1, 0, 1, 2708, 0, 70]","[11, 0, 0, 1, 0, 0, 0, 0, 0, 1, 0, 1, 3593, 0, 22]","[5, 0, 0, 0, 0, 0, 3, 0, 3, 1, 0, 1, 2469, 0, 50]","[4, 0, 0, 0, 0, 0, 9, 0, 9, 4, 0, 4, 1416, 0, 85]","[8, 0, 14, 8, 4069]",11065,128,8.311432444645279,12.516854948034343,8.440849525530954,0,304,0,47,14,0,0
129,27,20,11,8,1,11018,0.15,"{1: [0, 0, 0, 0, 0, 0, 0, 0, 0, 2, 0, 2, 3837, 0, 101], 0: [3, 0, 0, 0, 0, 0, 4, 0, 4, 2, 0, 2, 4108, 0, 113], 2: [24, 0, 0, 1, 0, 0, 7, 0, 7, 4, 0, 4, 3073, 0, 71]}","[2, 0, 0, 0, 0, 0, 0, 0, 0, 1, 0, 1, 830, 0, 56]","[5, 0, 0, 0, 0, 0, 1, 0, 1, 1, 0, 1, 2708, 0, 70]","[11, 0, 0, 1, 0, 0, 0, 0, 0, 1, 0, 1, 3593, 0, 22]","[5, 0, 0, 0, 0, 0, 3, 0, 3, 1, 0, 1, 2469, 0, 50]","[4, 0, 0, 0, 0, 0, 7, 0, 7, 4, 0, 4, 1418, 0, 87]","[8, 0, 11, 8, 4072]",11065,129,8.298870311793944,12.534658834161771,8.41292363307727,0,304,0,47,14,0,0
130,27,17,9,7,1,11021,0.11764705882352941,"{1: [0, 0, 0, 0, 0, 0, 0, 0, 0, 2, 0, 2, 3837, 0, 101], 0: [3, 0, 0, 0, 0, 0, 3, 0, 3, 2, 0, 2, 4109, 0, 114], 2: [24, 0, 0, 1, 0, 0, 6, 0, 6, 3, 0, 3, 3075, 0, 73]}","[2, 0, 0, 0, 0, 0, 0, 0, 0, 0, 0, 0, 831, 0, 57]","[5, 0, 0, 0, 0, 0, 1, 0, 1, 1, 0, 1, 2708, 0, 70]","[11, 0, 0, 1, 0, 0, 0, 0, 0, 1, 0, 1, 3593, 0, 22]","[5, 0, 0, 0, 0, 0, 3, 0, 3, 1, 0, 1, 2469, 0, 50]","[4, 0, 0, 0, 0, 0, 5, 0, 5, 4, 0, 4, 1420, 0, 89]","[8, 0, 9, 7, 4075]",11065,130,8.323181201988252,12.434975146859466,8.398553999096249,0,304,0,47,14,0,0
131,27,12,7,4,1,11026,0.16666666666666666,"{1: [0, 0, 0, 0, 0, 0, 0, 0, 0, 0, 0, 0, 3839, 0, 103], 0: [3, 0, 0, 0, 0, 0, 2, 0, 2, 2, 0, 2, 4110, 0, 115], 2: [24, 0, 0, 1, 0, 0, 5, 0, 5, 2, 0, 2, 3077, 0, 75]}","[2, 0, 0, 0, 0, 0, 0, 0, 0, 0, 0, 0, 831, 0, 57]","[5, 0, 0, 0, 0, 0, 1, 0, 1, 1, 0, 1, 2708, 0, 70]","[11, 0, 0, 1, 0, 0, 0, 0, 0, 1, 0, 1, 3593, 0, 22]","[5, 0, 0, 0, 0, 0, 3, 0, 3, 0, 0, 0, 2470, 0, 51]","[4, 0, 0, 0, 0, 0, 3, 0, 3, 2, 0, 2, 1424, 0, 93]","[8, 0, 7, 4, 4080]",11065,131,8.318572074107546,12.436511522819702,8.449073655671034,0,304,0,47,14,0,0
132,27,7,5,2,0,11031,0.2857142857142857,"{1: [0, 0, 0, 0, 0, 0, 0, 0, 0, 0, 0, 0, 3839, 0, 103], 0: [3, 0, 0, 0, 0, 0, 0, 0, 0, 1, 0, 1, 4113, 0, 118], 2: [24, 0, 0, 0, 0, 0, 5, 0, 5, 1, 0, 1, 3079, 0, 76]}","[2, 0, 0, 0, 0, 0, 0, 0, 0, 0, 0, 0, 831, 0, 57]","[5, 0, 0, 0, 0, 0, 1, 0, 1, 0, 0, 0, 2709, 0, 71]","[11, 0, 0, 0, 0, 0, 0, 0, 0, 1, 0, 1, 3594, 0, 22]","[5, 0, 0, 0, 0, 0, 2, 0, 2, 0, 0, 0, 2471, 0, 52]","[4, 0, 0, 0, 0, 0, 2, 0, 2, 1, 0, 1, 1426, 0, 95]","[8, 0, 5, 2, 4084]",11065,132,8.307455942159963,12.534297333935834,8.452417532760958,0,304,0,47,14,0,0
133,27,4,3,1,0,11034,0.25,"{1: [0, 0, 0, 0, 0, 0, 0, 0, 0, 0, 0, 0, 3839, 0, 103], 0: [3, 0, 0, 0, 0, 0, 0, 0, 0, 0, 0, 0, 4114, 0, 119], 2: [24, 0, 0, 0, 0, 0, 3, 0, 3, 1, 0, 1, 3081, 0, 78]}","[2, 0, 0, 0, 0, 0, 0, 0, 0, 0, 0, 0, 831, 0, 57]","[5, 0, 0, 0, 0, 0, 1, 0, 1, 0, 0, 0, 2709, 0, 71]","[11, 0, 0, 0, 0, 0, 0, 0, 0, 1, 0, 1, 3594, 0, 22]","[5, 0, 0, 0, 0, 0, 0, 0, 0, 0, 0, 0, 2473, 0, 54]","[4, 0, 0, 0, 0, 0, 2, 0, 2, 0, 0, 0, 1427, 0, 96]","[8, 0, 3, 1, 4087]",11065,133,8.30637144148215,12.510619069136919,8.4405784003615,0,304,0,47,14,0,0
134,27,4,3,1,0,11034,0.25,"{1: [0, 0, 0, 0, 0, 0, 0, 0, 0, 0, 0, 0, 3839, 0, 103], 0: [3, 0, 0, 0, 0, 0, 0, 0, 0, 0, 0, 0, 4114, 0, 119], 2: [24, 0, 0, 0, 0, 0, 3, 0, 3, 1, 0, 1, 3081, 0, 78]}","[2, 0, 0, 0, 0, 0, 0, 0, 0, 0, 0, 0, 831, 0, 57]","[5, 0, 0, 0, 0, 0, 1, 0, 1, 0, 0, 0, 2709, 0, 71]","[11, 0, 0, 0, 0, 0, 0, 0, 0, 1, 0, 1, 3594, 0, 22]","[5, 0, 0, 0, 0, 0, 0, 0, 0, 0, 0, 0, 2473, 0, 54]","[4, 0, 0, 0, 0, 0, 2, 0, 2, 0, 0, 0, 1427, 0, 96]","[8, 0, 3, 1, 4087]",11065,134,8.31043831902395,12.584726615454136,8.453773158608223,0,304,0,47,14,0,0
135,27,2,1,1,0,11036,0.5,"{1: [0, 0, 0, 0, 0, 0, 0, 0, 0, 0, 0, 0, 3839, 0, 103], 0: [3, 0, 0, 0, 0, 0, 0, 0, 0, 0, 0, 0, 4114, 0, 119], 2: [24, 0, 0, 0, 0, 0, 1, 0, 1, 1, 0, 1, 3083, 0, 80]}","[2, 0, 0, 0, 0, 0, 0, 0, 0, 0, 0, 0, 831, 0, 57]","[5, 0, 0, 0, 0, 0, 0, 0, 0, 0, 0, 0, 2710, 0, 72]","[11, 0, 0, 0, 0, 0, 0, 0, 0, 1, 0, 1, 3594, 0, 22]","[5, 0, 0, 0, 0, 0, 0, 0, 0, 0, 0, 0, 2473, 0, 54]","[4, 0, 0, 0, 0, 0, 1, 0, 1, 0, 0, 0, 1428, 0, 97]","[8, 0, 1, 1, 4089]",11065,135,8.352372345232716,12.556077722548576,8.4266606416629,0,304,0,47,14,0,0
136,27,1,1,0,0,11037,0.0,"{1: [0, 0, 0, 0, 0, 0, 0, 0, 0, 0, 0, 0, 3839, 0, 103], 0: [3, 0, 0, 0, 0, 0, 0, 0, 0, 0, 0, 0, 4114, 0, 119], 2: [24, 0, 0, 0, 0, 0, 1, 0, 1, 0, 0, 0, 3084, 0, 81]}","[2, 0, 0, 0, 0, 0, 0, 0, 0, 0, 0, 0, 831, 0, 57]","[5, 0, 0, 0, 0, 0, 0, 0, 0, 0, 0, 0, 2710, 0, 72]","[11, 0, 0, 0, 0, 0, 0, 0, 0, 0, 0, 0, 3595, 0, 23]","[5, 0, 0, 0, 0, 0, 0, 0, 0, 0, 0, 0, 2473, 0, 54]","[4, 0, 0, 0, 0, 0, 1, 0, 1, 0, 0, 0, 1428, 0, 97]","[8, 0, 1, 0, 4090]",11065,136,8.32272932670583,12.56556710347944,8.446633529145956,0,304,0,47,14,0,0
137,27,1,1,0,0,11037,0.0,"{1: [0, 0, 0, 0, 0, 0, 0, 0, 0, 0, 0, 0, 3839, 0, 103], 0: [3, 0, 0, 0, 0, 0, 0, 0, 0, 0, 0, 0, 4114, 0, 119], 2: [24, 0, 0, 0, 0, 0, 1, 0, 1, 0, 0, 0, 3084, 0, 81]}","[2, 0, 0, 0, 0, 0, 0, 0, 0, 0, 0, 0, 831, 0, 57]","[5, 0, 0, 0, 0, 0, 0, 0, 0, 0, 0, 0, 2710, 0, 72]","[11, 0, 0, 0, 0, 0, 0, 0, 0, 0, 0, 0, 3595, 0, 23]","[5, 0, 0, 0, 0, 0, 0, 0, 0, 0, 0, 0, 2473, 0, 54]","[4, 0, 0, 0, 0, 0, 1, 0, 1, 0, 0, 0, 1428, 0, 97]","[8, 0, 1, 0, 4090]",11065,137,8.304835065521916,12.58834161771351,8.434884771802983,0,304,0,47,14,0,0
138,27,1,1,0,0,11037,0.0,"{1: [0, 0, 0, 0, 0, 0, 0, 0, 0, 0, 0, 0, 3839, 0, 103], 0: [3, 0, 0, 0, 0, 0, 0, 0, 0, 0, 0, 0, 4114, 0, 119], 2: [24, 0, 0, 0, 0, 0, 1, 0, 1, 0, 0, 0, 3084, 0, 81]}","[2, 0, 0, 0, 0, 0, 0, 0, 0, 0, 0, 0, 831, 0, 57]","[5, 0, 0, 0, 0, 0, 0, 0, 0, 0, 0, 0, 2710, 0, 72]","[11, 0, 0, 0, 0, 0, 0, 0, 0, 0, 0, 0, 3595, 0, 23]","[5, 0, 0, 0, 0, 0, 0, 0, 0, 0, 0, 0, 2473, 0, 54]","[4, 0, 0, 0, 0, 0, 1, 0, 1, 0, 0, 0, 1428, 0, 97]","[8, 0, 1, 0, 4090]",11065,138,8.330411206507003,12.656032535020334,8.4168097605061,0,304,0,47,14,0,0
139,27,1,1,0,0,11037,0.0,"{1: [0, 0, 0, 0, 0, 0, 0, 0, 0, 0, 0, 0, 3839, 0, 103], 0: [3, 0, 0, 0, 0, 0, 0, 0, 0, 0, 0, 0, 4114, 0, 119], 2: [24, 0, 0, 0, 0, 0, 1, 0, 1, 0, 0, 0, 3084, 0, 81]}","[2, 0, 0, 0, 0, 0, 0, 0, 0, 0, 0, 0, 831, 0, 57]","[5, 0, 0, 0, 0, 0, 0, 0, 0, 0, 0, 0, 2710, 0, 72]","[11, 0, 0, 0, 0, 0, 0, 0, 0, 0, 0, 0, 3595, 0, 23]","[5, 0, 0, 0, 0, 0, 0, 0, 0, 0, 0, 0, 2473, 0, 54]","[4, 0, 0, 0, 0, 0, 1, 0, 1, 0, 0, 0, 1428, 0, 97]","[8, 0, 1, 0, 4090]",11065,139,8.295164934478084,12.50655219159512,8.423497514685947,0,304,0,47,14,0,0
140,27,1,1,0,0,11037,0.0,"{1: [0, 0, 0, 0, 0, 0, 0, 0, 0, 0, 0, 0, 3839, 0, 103], 0: [3, 0, 0, 0, 0, 0, 0, 0, 0, 0, 0, 0, 4114, 0, 119], 2: [24, 0, 0, 0, 0, 0, 1, 0, 1, 0, 0, 0, 3084, 0, 81]}","[2, 0, 0, 0, 0, 0, 0, 0, 0, 0, 0, 0, 831, 0, 57]","[5, 0, 0, 0, 0, 0, 0, 0, 0, 0, 0, 0, 2710, 0, 72]","[11, 0, 0, 0, 0, 0, 0, 0, 0, 0, 0, 0, 3595, 0, 23]","[5, 0, 0, 0, 0, 0, 0, 0, 0, 0, 0, 0, 2473, 0, 54]","[4, 0, 0, 0, 0, 0, 1, 0, 1, 0, 0, 0, 1428, 0, 97]","[8, 0, 1, 0, 4090]",11065,140,8.326615454134659,12.576140985088117,8.478174423859015,0,304,0,47,14,0,0
141,27,1,1,0,0,11037,0.0,"{1: [0, 0, 0, 0, 0, 0, 0, 0, 0, 0, 0, 0, 3839, 0, 103], 0: [3, 0, 0, 0, 0, 0, 0, 0, 0, 0, 0, 0, 4114, 0, 119], 2: [24, 0, 0, 0, 0, 0, 1, 0, 1, 0, 0, 0, 3084, 0, 81]}","[2, 0, 0, 0, 0, 0, 0, 0, 0, 0, 0, 0, 831, 0, 57]","[5, 0, 0, 0, 0, 0, 0, 0, 0, 0, 0, 0, 2710, 0, 72]","[11, 0, 0, 0, 0, 0, 0, 0, 0, 0, 0, 0, 3595, 0, 23]","[5, 0, 0, 0, 0, 0, 0, 0, 0, 0, 0, 0, 2473, 0, 54]","[4, 0, 0, 0, 0, 0, 1, 0, 1, 0, 0, 0, 1428, 0, 97]","[8, 0, 1, 0, 4090]",11065,141,8.304925440578401,12.571441482150925,8.500225937641211,0,304,0,47,14,0,0
142,27,0,0,0,0,11038,0.0,"{1: [0, 0, 0, 0, 0, 0, 0, 0, 0, 0, 0, 0, 3839, 0, 103], 0: [3, 0, 0, 0, 0, 0, 0, 0, 0, 0, 0, 0, 4114, 0, 119], 2: [24, 0, 0, 0, 0, 0, 0, 0, 0, 0, 0, 0, 3085, 0, 82]}","[2, 0, 0, 0, 0, 0, 0, 0, 0, 0, 0, 0, 831, 0, 57]","[5, 0, 0, 0, 0, 0, 0, 0, 0, 0, 0, 0, 2710, 0, 72]","[11, 0, 0, 0, 0, 0, 0, 0, 0, 0, 0, 0, 3595, 0, 23]","[5, 0, 0, 0, 0, 0, 0, 0, 0, 0, 0, 0, 2473, 0, 54]","[4, 0, 0, 0, 0, 0, 0, 0, 0, 0, 0, 0, 1429, 0, 98]","[8, 0, 0, 0, 4091]",11065,142,8.308901943063715,12.523181201988251,8.44139177586986,0,304,0,47,14,0,0
143,27,0,0,0,0,11038,0.0,"{1: [0, 0, 0, 0, 0, 0, 0, 0, 0, 0, 0, 0, 3839, 0, 103], 0: [3, 0, 0, 0, 0, 0, 0, 0, 0, 0, 0, 0, 4114, 0, 119], 2: [24, 0, 0, 0, 0, 0, 0, 0, 0, 0, 0, 0, 3085, 0, 82]}","[2, 0, 0, 0, 0, 0, 0, 0, 0, 0, 0, 0, 831, 0, 57]","[5, 0, 0, 0, 0, 0, 0, 0, 0, 0, 0, 0, 2710, 0, 72]","[11, 0, 0, 0, 0, 0, 0, 0, 0, 0, 0, 0, 3595, 0, 23]","[5, 0, 0, 0, 0, 0, 0, 0, 0, 0, 0, 0, 2473, 0, 54]","[4, 0, 0, 0, 0, 0, 0, 0, 0, 0, 0, 0, 1429, 0, 98]","[8, 0, 0, 0, 4091]",11065,143,8.315951197469499,12.556800723000451,8.408314505196566,0,304,0,47,14,0,0
144,27,0,0,0,0,11038,0.0,"{1: [0, 0, 0, 0, 0, 0, 0, 0, 0, 0, 0, 0, 3839, 0, 103], 0: [3, 0, 0, 0, 0, 0, 0, 0, 0, 0, 0, 0, 4114, 0, 119], 2: [24, 0, 0, 0, 0, 0, 0, 0, 0, 0, 0, 0, 3085, 0, 82]}","[2, 0, 0, 0, 0, 0, 0, 0, 0, 0, 0, 0, 831, 0, 57]","[5, 0, 0, 0, 0, 0, 0, 0, 0, 0, 0, 0, 2710, 0, 72]","[11, 0, 0, 0, 0, 0, 0, 0, 0, 0, 0, 0, 3595, 0, 23]","[5, 0, 0, 0, 0, 0, 0, 0, 0, 0, 0, 0, 2473, 0, 54]","[4, 0, 0, 0, 0, 0, 0, 0, 0, 0, 0, 0, 1429, 0, 98]","[8, 0, 0, 0, 4091]",11065,144,8.26353366470854,12.487211929507456,8.43849977406236,0,304,0,47,14,0,0
145,27,0,0,0,0,11038,0.0,"{1: [0, 0, 0, 0, 0, 0, 0, 0, 0, 0, 0, 0, 3839, 0, 103], 0: [3, 0, 0, 0, 0, 0, 0, 0, 0, 0, 0, 0, 4114, 0, 119], 2: [24, 0, 0, 0, 0, 0, 0, 0, 0, 0, 0, 0, 3085, 0, 82]}","[2, 0, 0, 0, 0, 0, 0, 0, 0, 0, 0, 0, 831, 0, 57]","[5, 0, 0, 0, 0, 0, 0, 0, 0, 0, 0, 0, 2710, 0, 72]","[11, 0, 0, 0, 0, 0, 0, 0, 0, 0, 0, 0, 3595, 0, 23]","[5, 0, 0, 0, 0, 0, 0, 0, 0, 0, 0, 0, 2473, 0, 54]","[4, 0, 0, 0, 0, 0, 0, 0, 0, 0, 0, 0, 1429, 0, 98]","[8, 0, 0, 0, 4091]",11065,145,8.258653411658383,12.609670131043831,8.417352010845006,0,304,0,47,14,0,0
146,27,0,0,0,0,11038,0.0,"{1: [0, 0, 0, 0, 0, 0, 0, 0, 0, 0, 0, 0, 3839, 0, 103], 0: [3, 0, 0, 0, 0, 0, 0, 0, 0, 0, 0, 0, 4114, 0, 119], 2: [24, 0, 0, 0, 0, 0, 0, 0, 0, 0, 0, 0, 3085, 0, 82]}","[2, 0, 0, 0, 0, 0, 0, 0, 0, 0, 0, 0, 831, 0, 57]","[5, 0, 0, 0, 0, 0, 0, 0, 0, 0, 0, 0, 2710, 0, 72]","[11, 0, 0, 0, 0, 0, 0, 0, 0, 0, 0, 0, 3595, 0, 23]","[5, 0, 0, 0, 0, 0, 0, 0, 0, 0, 0, 0, 2473, 0, 54]","[4, 0, 0, 0, 0, 0, 0, 0, 0, 0, 0, 0, 1429, 0, 98]","[8, 0, 0, 0, 4091]",11065,146,8.32625395390872,12.677903298689563,8.424672390420245,0,304,0,47,14,0,0
147,27,0,0,0,0,11038,0.0,"{1: [0, 0, 0, 0, 0, 0, 0, 0, 0, 0, 0, 0, 3839, 0, 103], 0: [3, 0, 0, 0, 0, 0, 0, 0, 0, 0, 0, 0, 4114, 0, 119], 2: [24, 0, 0, 0, 0, 0, 0, 0, 0, 0, 0, 0, 3085, 0, 82]}","[2, 0, 0, 0, 0, 0, 0, 0, 0, 0, 0, 0, 831, 0, 57]","[5, 0, 0, 0, 0, 0, 0, 0, 0, 0, 0, 0, 2710, 0, 72]","[11, 0, 0, 0, 0, 0, 0, 0, 0, 0, 0, 0, 3595, 0, 23]","[5, 0, 0, 0, 0, 0, 0, 0, 0, 0, 0, 0, 2473, 0, 54]","[4, 0, 0, 0, 0, 0, 0, 0, 0, 0, 0, 0, 1429, 0, 98]","[8, 0, 0, 0, 4091]",11065,147,8.29489380930863,12.520018075011297,8.394396746497966,0,304,0,47,14,0,0
148,27,0,0,0,0,11038,0.0,"{1: [0, 0, 0, 0, 0, 0, 0, 0, 0, 0, 0, 0, 3839, 0, 103], 0: [3, 0, 0, 0, 0, 0, 0, 0, 0, 0, 0, 0, 4114, 0, 119], 2: [24, 0, 0, 0, 0, 0, 0, 0, 0, 0, 0, 0, 3085, 0, 82]}","[2, 0, 0, 0, 0, 0, 0, 0, 0, 0, 0, 0, 831, 0, 57]","[5, 0, 0, 0, 0, 0, 0, 0, 0, 0, 0, 0, 2710, 0, 72]","[11, 0, 0, 0, 0, 0, 0, 0, 0, 0, 0, 0, 3595, 0, 23]","[5, 0, 0, 0, 0, 0, 0, 0, 0, 0, 0, 0, 2473, 0, 54]","[4, 0, 0, 0, 0, 0, 0, 0, 0, 0, 0, 0, 1429, 0, 98]","[8, 0, 0, 0, 4091]",11065,148,8.288657930411206,12.496972435607772,8.423497514685947,0,304,0,47,14,0,0
149,27,0,0,0,0,11038,0.0,"{1: [0, 0, 0, 0, 0, 0, 0, 0, 0, 0, 0, 0, 3839, 0, 103], 0: [3, 0, 0, 0, 0, 0, 0, 0, 0, 0, 0, 0, 4114, 0, 119], 2: [24, 0, 0, 0, 0, 0, 0, 0, 0, 0, 0, 0, 3085, 0, 82]}","[2, 0, 0, 0, 0, 0, 0, 0, 0, 0, 0, 0, 831, 0, 57]","[5, 0, 0, 0, 0, 0, 0, 0, 0, 0, 0, 0, 2710, 0, 72]","[11, 0, 0, 0, 0, 0, 0, 0, 0, 0, 0, 0, 3595, 0, 23]","[5, 0, 0, 0, 0, 0, 0, 0, 0, 0, 0, 0, 2473, 0, 54]","[4, 0, 0, 0, 0, 0, 0, 0, 0, 0, 0, 0, 1429, 0, 98]","[8, 0, 0, 0, 4091]",11065,149,8.343063714414821,12.595119746949841,8.40614550384094,0,304,0,47,14,0,0
